ID,Area,TAZ,ModelTAZ,NAME,AreaType,POP,HH,Workers,MedInc,Vehicles,K12Enroll,UnivEnroll,UnivStudRes,RVSites,Hotel,Camping,BnB,Motel,Cabins,Resort,Ind,Ret,HTRet,Off,Ser,TotEmp,Density,EXTAWDT,PCTTRUCK
545,55.8209,3708700006003,545,00006003,3,836,352,22,36965.7,0,0,0,0,0,0,0,0,0,0,0,20,0,0,32,22,74,7.57383,0,0
227,18.6075,3702100002506,227,00002506,3,1643,754,197,38168.1,0,0,0,0,0,0,0,0,0,9,0,22,10,36,229,309,606,71.671,0,0
229,2.18775,3702100002508,229,00002508,3,617,135,215,44625,0,0,0,0,0,0,0,0,0,0,0,0,0,0,0,0,0,61.7072,0,0
543,124.86,3708700006004,543,00006004,3,399,172,43,37685.7,0,0,0,0,0,0,0,0,0,0,0,3,0,0,0,0,3,1.40052,0,0
549,16.8528,3708700006002,549,00006002,3,950,405,5,35198,0,0,0,0,0,0,0,0,0,0,0,44,0,3,17,103,167,33.5095,0,0
527,19.0961,3708700006001,527,00006001,3,643,272,23,28828,0,0,0,0,0,0,0,0,0,0,0,6,0,0,1,2,9,14.6946,0,0
64,24.3259,3702100002071,64,00002071,3,788,316,89,37016,0,0,0,0,0,0,0,0,0,0,0,55,5,0,35,21,116,17.5512,0,0
7,9.14727,3702100002007,7,00002007,3,2167,920,185,57000,0,0,0,0,0,0,0,0,0,0,0,39,4,0,4,165,212,122.744,0,0
238,16.4577,3702100002517,238,00002517,3,1001,325,1025,44940,0,0,0,0,0,0,0,0,0,5,0,58,1,5,49,450,563,52.4671,0,0
226,3.00004,3702100002505,226,00002505,3,1456,651,926,29821,0,0,0,0,0,0,0,0,0,0,0,33,19,17,100,105,274,304.353,0,0
59,26.1057,3702100002066,59,00002066,3,2272,910,111,40556,0,0,0,0,0,0,0,6,0,0,0,97,10,13,1,69,190,41.8195,0,0
138,3.89762,3702100002214,138,00002214,3,1418,650,239,59350,0,0,0,0,0,0,0,0,0,0,0,9,12,0,34,94,149,203.333,0,0
144,4.32462,3702100002220,144,00002220,3,2157,909,77,63256,0,0,0,0,0,0,0,0,0,0,0,32,17,4,5,48,106,233.635,0,0
6,15.4947,3702100002006,6,00002006,3,2922,1004,1522,48110,0,0,0,0,0,0,0,0,0,0,0,79,35,0,1,147,262,80.9692,0,0
58,3.03472,3702100002065,58,00002065,3,1247,475,50,54643,0,0,0,0,0,0,0,0,0,0,0,53,19,4,3,70,149,203.483,0,0
60,2.28023,3702100002067,60,00002067,3,817,325,37,31113,0,0,0,0,0,0,0,0,0,0,0,185,4,8,5,10,212,231.454,0,0
56,2.3006,3702100002063,56,00002063,3,1037,375,59,40471.5,0,0,0,0,0,0,0,0,0,0,0,35,0,0,6,23,64,189.608,0,0
220,3.73106,3702100002410,220,00002410,3,1376,352,866,46704.3,0,0,0,0,0,0,0,0,0,0,0,34,5,0,200,12,251,158.688,0,0
211,1.21248,3702100002401,211,00002401,2,993,383,290,53878.5,0,0,0,0,0,49,0,0,0,20,0,167,81,116,25,481,870,1002.18,0,0
212,1.12078,3702100002402,212,00002402,2,509,243,259,54406,0,0,0,0,0,0,0,13,0,0,0,122,15,12,21,19,189,378.102,0,0
139,2.90584,3702100002215,139,00002215,3,1005,479,46,54432,0,0,0,0,0,0,0,6,0,0,0,15,21,13,13,25,87,193.477,0,0
57,1.46936,3702100002064,57,00002064,3,411,164,37,39871,0,0,0,0,0,0,0,0,0,0,0,2,0,0,0,3,5,114.868,0,0
65,3.11573,3702100002072,65,00002072,3,1437,590,164,44467,0,0,0,0,0,0,0,0,0,0,0,27,12,4,15,9,67,209.929,0,0
218,1.13651,3702100002408,218,00002408,2,244,87,232,68036,0,0,0,0,0,0,0,0,0,0,0,167,0,0,45,23,235,274.321,0,0
613,18.5684,3717500005002,613,00005002,3,715,311,30,45392,0,0,0,0,0,0,0,0,0,0,0,174,11,25,87,134,431,38.9499,0,0
163,13.4759,3717500005003,163,00005003,3,652,256,25,40123.1,0,0,0,0,0,0,32,0,0,0,0,177,15,6,45,384,627,63.4987,0,0
548,79.9548,3717500005008,548,00005008,3,886,362,69,32940.5,0,0,0,0,0,0,15,0,0,0,0,23,3,9,27,146,208,7.01576,0,0
591,1.64302,3717500004050,591,00004050,3,185,72,7,26415.5,0,0,0,0,0,0,100,0,0,0,0,0,0,8,1,0,9,49.0609,0,0
560,25.3564,3717500005007,560,00005007,3,624,248,44,38216.2,0,0,0,0,0,0,0,0,0,0,0,0,0,0,0,0,0,9.78055,0,0
589,17.6013,3717500004048,589,00004048,3,707,308,100,25657.9,0,0,0,0,0,0,0,0,0,0,0,16,2,0,0,118,136,24.8891,0,0
311,19.2182,3708700005074,311,00005074,3,1006,436,39,40645,0,0,0,0,0,0,0,0,0,0,19,8,0,7,22,141,178,31.5456,0,0
312,29.2608,3708700005075,312,00005075,3,646,267,56,53173,0,0,0,0,0,0,0,0,0,0,0,6,1,0,23,1,31,10.1381,0,0
303,5.02455,3708700005065,303,00005065,3,776,314,6,47532,0,0,0,0,0,0,0,0,0,0,0,258,86,2,59,10,415,141.492,0,0
309,6.30412,3708700005072,309,00005072,3,1012,420,13,55505,0,0,0,0,0,0,0,0,0,0,0,58,16,7,6,88,175,93.1742,0,0
310,3.3725,3708700005073,310,00005073,3,498,217,6,55505,0,0,0,0,0,0,0,0,0,0,0,9,1,0,0,0,10,67.18,0,0
330,0.876582,3708700005115,330,00005115,1,669,261,56,41033,0,0,0,0,0,0,0,0,0,0,0,73,0,0,0,85,158,470.146,0,0
324,0.416972,3708700005109,324,00005109,2,212,85,8,69038,0,0,0,0,0,0,0,0,0,0,0,0,0,5,0,6,11,229.083,0,0
281,0.739437,3708700005043,281,00005043,2,455,186,15,69038,0,0,0,0,0,0,0,0,0,0,0,14,5,0,0,14,33,294.228,0,0
317,0.378627,3708700005102,317,00005102,1,349,137,24,41033,0,0,0,0,0,0,0,0,0,0,0,1344,10,68,7,46,1475,4087.88,0,0
322,0.125448,3708700005107,322,00005107,2,335,159,13,34735,0,0,0,0,0,0,0,0,0,0,0,0,5,0,7,19,31,1503.82,0,0
325,0.0627393,3708700005110,325,00005110,1,196,81,35,52639,0,0,0,0,0,0,0,0,0,0,0,0,7,0,6,7,20,1595.96,0,0
316,0.180977,3708700005101,316,00005101,1,360,175,105,52639,0,0,0,0,0,0,0,0,0,0,0,48,29,3,137,62,279,2441.49,0,0
28,45.0553,3717500005004,28,00005004,3,820,379,14,48428.2,0,0,0,0,0,0,141,0,20,0,0,169,3,48,53,179,452,18.0072,0,0
24,15.3149,3717500005005,24,00005005,3,706,313,6,53517.3,0,0,0,0,0,0,24,0,0,0,0,78,22,26,87,57,270,37.2999,0,0
25,5.01089,3717500005006,25,00005006,3,652,264,1,44193,0,0,0,0,0,0,0,0,0,0,0,19,6,4,19,64,112,74.0634,0,0
315,29.3648,3708700005078,315,00005078,3,219,90,19,44743,0,0,0,0,0,0,0,0,0,0,47,0,0,25,20,0,45,4.53062,0,0
266,9.89706,3708700005028,266,00005028,3,9,6,19,34167,0,0,0,0,0,0,0,0,0,0,0,0,0,0,8,0,8,1.37937,0,0
271,2.96172,3708700005033,271,00005033,3,326,154,5,60396,0,0,0,0,0,0,0,0,0,0,0,0,8,0,10,0,18,57.8098,0,0
336,15.3241,3708700005304,336,00005304,3,1342,653,104,43073.5,0,0,0,0,0,50,0,10,269,12,0,61,50,183,139,160,593,79.6252,0,0
339,10.8695,3708700005308,339,00005308,3,474,231,29,39653,0,0,0,0,0,0,0,0,37,0,0,4,4,3,1,10,22,23.188,0,0
290,6.04207,3708700005052,290,00005052,3,904,420,29,40436.5,0,0,0,0,0,0,0,0,0,14,0,74,8,0,2,165,249,108.929,0,0
291,7.2713,3708700005053,291,00005053,3,1064,465,39,38983.6,0,0,0,0,0,0,0,14,0,0,0,30,0,41,43,18,132,81.3133,0,0
314,25.2622,3708700005077,314,00005077,3,283,121,15,44743,0,0,0,0,0,0,0,0,0,0,0,7,0,0,0,15,22,5.62272,0,0
334,6.74611,3708700005302,334,00005302,3,862,418,53,50938,0,0,0,0,0,114,0,11,284,35,24,30,30,138,55,131,384,116.405,0,0
295,5.28558,3708700005057,295,00005057,3,596,138,26,53031.4,0,0,0,0,0,0,0,0,0,0,0,23,6,0,0,9,38,32.9851,0,0
264,2.15151,3708700005026,264,00005026,3,267,107,55,47598.1,0,0,0,0,0,0,0,0,0,0,0,0,0,3,0,6,9,53.7334,0,0
265,7.98237,3708700005027,265,00005027,3,839,368,17,42140.4,0,0,0,0,0,0,0,11,0,0,0,45,1,0,1,13,60,53.2909,0,0
239,1.13913,3708700005001,239,00005001,3,354,163,5,50515,0,0,0,0,0,0,0,0,40,0,0,24,38,108,33,30,233,338.728,0,0
335,2.17564,3708700005303,335,00005303,3,512,211,13,50856.3,0,0,0,0,0,102,0,0,46,0,68,19,0,120,5,92,236,200.734,0,0
297,4.34041,3708700005059,297,00005059,3,563,391,19,52272,0,0,0,0,0,0,0,0,0,0,0,1,0,45,0,12,58,102.865,0,0
354,0.568658,3708700005415,354,00005415,2,97,39,172,35735,0,0,0,0,0,0,0,0,0,0,0,0,0,0,10,2,12,88.7662,0,0
355,0.666119,3708700005416,355,00005416,2,469,209,24,50906,0,0,0,0,0,0,0,0,0,0,0,75,64,4,80,157,380,859.389,0,0
369,0.887781,3708700005430,369,00005430,3,499,248,3,50594.7,0,0,0,0,0,0,0,0,0,0,0,17,105,21,9,42,194,488.356,0,0
242,0.704689,3708700005004,242,00005004,2,515,284,2,50515,0,0,0,0,0,0,0,0,0,0,0,1,24,0,20,27,72,500.739,0,0
296,1.92387,3708700005058,296,00005058,3,101,42,15,48580,0,0,0,0,0,0,0,0,0,0,0,0,4,0,0,5,9,26.3054,0,0
353,0.260337,3708700005414,353,00005414,2,53,25,69,35735,0,0,0,0,0,0,0,0,0,0,0,6,0,0,17,10,33,217.27,0,0
254,0.508035,3708700005016,254,00005016,2,350,164,122,41458,0,0,0,0,0,0,0,0,0,0,0,151,18,5,39,58,271,833.016,0,0
245,0.513906,3708700005007,245,00005007,2,368,177,5,76544,0,0,0,0,0,0,0,0,0,0,0,2,7,18,32,27,86,504.481,0,0
243,0.339565,3708700005005,243,00005005,2,165,88,5,76544,0,0,0,0,0,0,0,14,0,0,400,2,9,0,3,648,662,2123.83,0,0
246,0.208251,3708700005008,246,00005008,2,91,53,4,76544,0,0,0,0,0,0,0,0,0,0,0,0,0,0,0,62,62,539.256,0,0
247,1.30961,3708700005009,247,00005009,3,346,170,10,48580,0,0,0,0,0,0,0,0,0,0,0,10,0,0,1,8,19,143.686,0,0
326,0.302316,3708700005111,326,00005111,2,106,47,5,69038,0,0,0,0,0,0,0,0,0,0,0,13,0,0,0,120,133,576.25,0,0
327,2.52785,3708700005112,327,00005112,3,510,215,68,61519,0,0,0,0,0,0,0,0,0,0,0,209,41,94,8,168,520,281.804,0,0
253,0.922744,3708700005015,253,00005015,2,409,196,26,40755,0,0,0,0,0,0,0,0,50,0,0,178,44,2,0,1206,1430,1694.66,0,0
257,1.17942,3708700005019,257,00005019,2,484,224,208,32404,0,0,0,0,0,0,0,0,0,0,0,5,4,7,15,330,361,482.682,0,0
258,0.434136,3708700005020,258,00005020,2,166,78,0,54345,0,0,0,0,0,0,0,0,0,0,0,5,0,0,0,0,5,190.683,0,0
277,1.69,3708700005039,277,00005039,3,250,111,2,54345,0,0,0,0,0,0,0,0,0,0,0,3,2,0,0,2,7,69.6422,0,0
278,0.332823,3708700005040,278,00005040,3,132,50,0,54345,0,0,0,0,0,0,0,0,0,0,0,1,0,0,0,6,7,170.346,0,0
268,3.80611,3708700005030,268,00005030,3,633,260,6,34167,0,0,0,0,0,0,0,0,0,0,0,23,7,5,0,108,143,104.247,0,0
267,2.38286,3708700005029,267,00005029,3,568,246,4,34167,0,0,0,0,0,0,0,0,0,0,0,8,14,0,0,7,29,114.878,0,0
363,1.98264,3708700005424,363,00005424,3,672,264,3,34167,0,0,0,0,0,0,0,0,0,0,0,14,30,0,9,6,59,161.618,0,0
364,0.953191,3708700005425,364,00005425,3,262,121,7,34719,0,0,0,0,0,0,0,0,0,0,0,4,1,0,3,9,17,144,0,0
270,4.36927,3708700005032,270,00005032,3,558,241,7,60396,0,0,0,0,0,0,0,0,0,0,0,6,10,0,0,19,35,62.8197,0,0
366,2.69927,3708700005427,366,00005427,3,431,195,12,60396,0,0,0,0,0,0,0,10,0,0,0,7,0,0,3,4,14,77.2026,0,0
367,2.6382,3708700005428,367,00005428,3,563,269,9,60396,0,0,0,0,0,0,0,0,0,0,0,1,3,0,3,33,40,116.465,0,0
358,0.493547,3708700005419,358,00005419,2,152,71,11,47798,0,0,0,0,0,0,0,0,0,0,0,2,1,0,3,9,15,172.925,0,0
359,0.48714,3708700005420,359,00005420,2,739,338,22,31367.3,0,0,0,0,0,0,0,0,0,0,111,7,1,12,8,182,210,1106.16,0,0
269,0.520099,3708700005031,269,00005031,3,313,131,3,34719,0,0,0,0,0,0,0,0,0,0,0,23,0,0,8,3,34,314.401,0,0
348,0.180471,3708700005409,348,00005409,1,275,119,24,28000,0,0,0,0,0,0,0,0,0,0,0,27,29,8,10,29,103,1205.26,0,0
349,0.342897,3708700005410,349,00005410,1,647,267,46,28000,0,0,0,0,0,0,0,0,0,0,0,3,12,37,6,15,73,982.284,0,0
368,1.62434,3708700005429,368,00005429,3,296,135,8,60396,0,0,0,0,0,41,0,0,0,0,0,1,0,0,0,12,13,90.7655,0,0
343,0.334663,3708700005404,343,00005404,1,478,230,101,35735,0,0,0,0,0,0,0,0,0,0,0,1,12,12,8,37,70,887.319,0,0
344,0.224816,3708700005405,344,00005405,1,320,145,7,50906,0,0,0,0,0,0,0,0,0,0,0,62,23,58,163,48,354,2151.03,0,0
360,0.185094,3708700005421,360,00005421,2,554,276,29,22431,0,0,0,0,0,0,0,0,0,0,0,45,46,57,12,73,233,2695.15,0,0
347,0.199597,3708700005408,347,00005408,1,483,235,57,20450,0,0,0,0,0,0,0,0,0,0,0,46,41,27,25,94,233,2293.9,0,0
346,0.200134,3708700005407,346,00005407,1,319,179,54,20450,0,0,0,0,0,0,0,0,0,0,0,0,0,3,11,133,147,1596.93,0,0
340,0.129164,3708700005401,340,00005401,1,262,147,163,28000,0,0,0,0,0,0,0,0,0,0,0,266,37,51,64,174,592,5521.86,0,0
345,0.11701,3708700005406,345,00005406,1,160,87,180,28000,0,0,0,0,0,0,0,0,37,0,0,40,50,6,69,115,280,3032.31,0,0
362,0.379438,3708700005423,362,00005423,2,569,189,53,22431,0,0,0,0,0,0,0,0,0,0,0,319,388,23,301,46,1077,3212.93,0,0
365,0.732314,3708700005426,365,00005426,2,283,118,4,34719,0,0,0,0,0,58,0,0,0,0,0,0,70,0,0,85,155,363.576,0,0
361,0.283913,3708700005422,361,00005422,2,267,132,14,25347.4,0,0,0,0,0,0,0,0,0,0,0,4,5,103,21,122,255,1323.99,0,0
357,0.475095,3708700005418,357,00005418,2,656,280,10,47798,0,0,0,0,0,0,0,0,0,0,0,0,0,106,1,6,113,816.848,0,0
356,0.347254,3708700005417,356,00005417,2,617,279,13,50906,0,0,0,0,0,0,0,0,0,0,0,1,0,0,6,6,13,839.252,0,0
342,0.317436,3708700005403,342,00005403,1,688,292,89,35735,0,0,0,0,0,0,0,0,0,0,0,51,111,130,145,276,713,3068.2,0,0
350,0.243484,3708700005411,350,00005411,1,375,165,34,28000,0,0,0,0,0,0,0,0,18,0,0,17,52,23,45,228,365,2111.47,0,0
351,0.710907,3708700005412,351,00005412,2,111,41,171,41458,0,0,0,0,0,0,0,0,0,0,0,14,157,529,29,162,891,1256.43,0,0
352,0.321134,3708700005413,352,00005413,2,441,195,79,40767.8,0,0,0,0,0,0,0,0,0,0,0,21,31,21,102,183,358,1673.48,0,0
341,0.125327,3708700005402,341,00005402,1,263,40,145,28000,0,0,0,0,0,0,0,0,0,0,0,211,77,18,436,114,856,6851.93,0,0
292,7.95938,3708700005054,292,00005054,3,608,257,32,39774.6,0,0,0,0,0,0,0,0,0,0,0,25,110,10,0,16,161,51.6359,0,0
294,3.35396,3708700005056,294,00005056,3,433,183,16,35497.8,0,0,0,0,0,0,0,0,0,0,0,54,30,10,14,25,133,92.4904,0,0
240,1.12294,3708700005002,240,00005002,3,244,102,9,48603.1,0,0,0,0,0,0,0,0,20,0,0,17,37,0,14,12,80,158.973,0,0
293,3.00354,3708700005055,293,00005055,3,781,337,20,48580,0,0,0,0,0,0,0,0,0,0,0,17,0,0,7,3,27,120.799,0,0
241,0.791036,3708700005003,241,00005003,2,396,187,5,48580,0,0,0,0,0,0,0,0,0,0,0,13,13,13,9,30,78,330.711,0,0
244,1.28292,3708700005006,244,00005006,3,198,93,8,48580,0,0,0,0,0,0,0,0,0,0,0,3,0,0,0,5,8,78.4551,0,0
289,0.995411,3708700005051,289,00005051,3,187,72,1,44743,0,0,0,0,0,0,0,0,0,0,0,0,0,0,0,8,8,80.0189,0,0
313,4.72386,3708700005076,313,00005076,3,621,244,25,53138.5,0,0,0,0,0,0,0,0,0,0,0,3,0,0,3,7,13,54.2849,0,0
288,1.73649,3708700005050,288,00005050,3,246,104,1,44905.1,0,0,0,0,0,0,0,0,0,0,0,1,0,0,0,0,1,60.4416,0,0
287,1.01993,3708700005049,287,00005049,3,285,102,0,44743,0,0,0,0,0,0,0,0,0,0,0,0,6,10,0,5,21,119.7,0,0
286,0.548843,3708700005048,286,00005048,3,61,35,3,44743,0,0,0,0,0,0,0,0,0,0,0,0,0,0,0,0,0,63.7705,0,0
262,3.65927,3708700005024,262,00005024,3,838,335,32,41636,0,0,0,0,0,0,0,0,0,0,0,6,3,0,16,4,29,99.1283,0,0
279,1.30553,3708700005041,279,00005041,3,152,54,12,41636,0,0,0,0,0,0,0,0,0,0,0,0,0,0,0,2,2,42.8276,0,0
259,2.40842,3708700005021,259,00005021,3,427,165,20,41636,0,0,0,0,0,0,0,0,0,0,0,5,0,0,5,14,24,78.0409,0,0
263,1.81752,3708700005025,263,00005025,3,201,89,1,44743,0,0,0,0,0,0,0,0,0,0,0,1,0,0,0,0,1,49.494,0,0
261,2.55896,3708700005023,261,00005023,3,477,222,24,41636,0,0,0,0,0,0,0,0,0,0,0,24,0,0,34,13,71,113.292,0,0
260,0.944892,3708700005022,260,00005022,3,132,68,8,41636,0,0,0,0,0,0,0,0,0,0,0,8,0,0,0,3,11,83.1006,0,0
255,1.95045,3708700005017,255,00005017,3,436,193,53,40755,0,0,0,0,0,0,0,0,0,0,0,7,7,0,2,103,119,157.307,0,0
256,0.660867,3708700005018,256,00005018,3,273,97,17,40755,0,0,0,0,0,0,0,0,0,0,0,0,0,0,0,198,198,433.339,0,0
284,1.47816,3708700005046,284,00005046,3,510,163,2,53681.7,0,0,0,0,0,0,0,0,0,0,0,3,0,0,0,254,257,276.567,0,0
280,1.40457,3708700005042,280,00005042,3,788,315,7,60102.5,0,0,0,0,0,0,0,0,0,0,0,10,2,3,0,6,21,238.568,0,0
282,1.0872,3708700005044,282,00005044,3,594,263,5,58335.9,0,0,0,0,0,0,0,0,0,0,0,17,8,0,1,12,38,275.337,0,0
285,0.438911,3708700005047,285,00005047,3,247,95,2,55505,0,0,0,0,0,0,0,0,0,0,0,2,0,11,0,4,17,253.491,0,0
283,0.730483,3708700005045,283,00005045,3,169,73,5,41636,0,0,0,0,0,0,0,0,0,0,0,9,0,32,2,121,164,314.668,0,0
299,7.08385,3708700005061,299,00005061,3,573,246,24,38868.2,0,0,0,0,0,0,0,0,0,0,0,9,0,0,0,20,29,38.6424,0,0
302,2.57086,3708700005064,302,00005064,3,429,185,15,47596,0,0,0,0,0,0,0,0,0,0,0,114,0,0,2,10,126,118.838,0,0
300,2.20049,3708700005062,300,00005062,3,490,204,11,45294,0,0,0,0,0,0,0,0,0,0,0,1,0,0,0,9,10,97.0531,0,0
331,1.32228,3708700005201,331,00005201,2,762,318,7,45253.5,0,0,0,0,0,0,0,0,0,0,0,4,2,1,0,12,19,254.238,0,0
332,0.532166,3708700005202,332,00005202,2,741,344,96,32404,0,0,0,0,0,0,0,0,0,0,0,62,9,19,54,112,256,1106.52,0,0
298,1.74326,3708700005060,298,00005060,3,278,124,10,45294,0,0,0,0,0,0,0,0,0,0,0,2,0,0,0,0,2,72.2284,0,0
250,0.476909,3708700005012,250,00005012,2,626,267,10,24837,0,0,0,0,0,0,0,0,0,0,0,4,0,0,0,14,18,595.956,0,0
251,0.569023,3708700005013,251,00005013,2,628,245,11,26590.5,0,0,0,0,0,0,0,0,0,0,0,1,0,0,0,0,1,432.243,0,0
252,0.702518,3708700005014,252,00005014,2,929,407,35,20685,0,0,0,0,0,0,0,0,0,0,0,10,3,0,28,76,117,738.637,0,0
249,0.277359,3708700005011,249,00005011,2,48,18,3,76544,0,0,0,0,0,0,0,0,0,0,0,0,0,0,10,54,64,285.599,0,0
248,0.725197,3708700005010,248,00005010,2,397,162,7,76544,0,0,0,0,0,0,0,0,0,0,0,56,51,174,199,298,778,1249.49,0,0
301,2.74509,3708700005063,301,00005063,3,384,156,15,47596,0,0,0,0,0,0,0,0,0,0,0,1,0,0,0,15,16,62.4036,0,0
272,0.628542,3708700005034,272,00005034,2,45,15,4,47596,0,0,0,0,0,0,0,0,0,0,0,0,0,0,0,0,0,23.8647,0,0
329,0.990244,3708700005114,329,00005114,2,486,195,3,47596,0,0,0,0,0,115,0,0,0,0,0,1,165,224,9,28,427,609.354,0,0
273,0.676075,3708700005035,273,00005035,2,668,272,17,42167,0,0,0,0,0,0,0,0,0,0,0,2,4,0,0,9,15,423.543,0,0
275,0.514509,3708700005037,275,00005037,2,241,97,13,61519,0,0,0,0,0,0,0,0,0,0,0,41,83,174,1,56,355,848.467,0,0
276,0.674845,3708700005038,276,00005038,2,379,161,0,54345,0,0,0,0,0,0,0,0,0,0,0,10,0,0,3,93,106,388.808,0,0
274,0.22171,3708700005036,274,00005036,1,326,132,5,42167,0,0,0,0,0,0,0,0,0,0,0,1,0,0,2,10,13,651.455,0,0
328,0.333958,3708700005113,328,00005113,1,176,74,7,42167,0,0,0,0,0,0,0,0,0,0,0,0,0,0,0,6,6,238.769,0,0
231,4.276,3702100002510,231,00002510,3,837,365,240,44776,0,0,0,0,0,57,0,11,0,0,0,26,3,157,7,100,293,150.899,0,0
15,39.7985,3702100002017,15,00002017,3,1522,673,147,40792,0,0,0,0,0,0,0,0,0,0,0,55,11,9,18,81,174,21.0919,0,0
421,7.78496,3708900003052,421,00003052,3,302,145,4,40531,0,0,0,0,0,0,0,0,0,12,0,6,0,3,33,37,79,28.3316,0,0
430,3.01679,3708900003061,430,00003061,3,140,64,8,27220,0,0,0,0,0,0,0,0,0,0,0,0,0,0,0,0,0,21.2146,0,0
433,3.33708,3708900003064,433,00003064,3,91,38,14,43237,0,0,0,0,0,0,0,0,0,1,0,0,0,0,0,0,0,11.3872,0,0
590,24.3547,3717500005501,590,00005501,3,674,288,7,52277.4,0,0,0,0,0,0,100,0,0,0,0,41,25,7,34,41,148,17.6375,0,0
563,2.64818,3717500004022,563,00004022,3,241,126,1,68125,0,0,0,0,0,0,40,0,0,0,0,7,0,0,0,0,7,50.1082,0,0
566,2.9878,3717500004025,566,00004025,3,152,70,1,68095.5,0,0,0,0,0,0,0,0,0,0,0,0,0,0,1,2,3,24.389,0,0
224,0.406219,3702100002503,224,00002503,2,564,265,19,44776,0,0,0,0,0,0,0,0,0,0,0,25,121,77,172,169,564,1980.32,0,0
228,0.813616,3702100002507,228,00002507,2,1196,545,68,34189,0,0,0,0,0,84,0,0,0,0,0,19,11,6,9,51,96,782.704,0,0
233,0.34891,3702100002512,233,00002512,2,348,155,411,60313,0,0,0,0,0,0,0,0,0,0,0,72,22,58,93,152,397,1532.53,0,0
234,6.37059,3702100002513,234,00002513,3,1235,499,748,60313,0,0,0,0,0,0,0,0,0,0,0,63,0,6,3,25,97,92.8921,0,0
14,15.1748,3702100002016,14,00002016,3,2033,842,120,46313,0,0,0,0,0,0,0,0,0,0,0,89,10,2,21,28,150,64.9411,0,0
423,3.00603,3708900003054,423,00003054,3,203,76,2,40531,0,0,0,0,0,0,0,0,0,1,0,0,0,0,0,0,0,25.2825,0,0
426,5.4048,3708900003057,426,00003057,3,543,229,4,40916.9,0,0,0,0,0,0,0,0,0,0,0,12,3,13,6,5,39,49.2714,0,0
428,3.52919,3708900003059,428,00003059,3,733,296,6,27220,0,0,0,0,0,0,0,0,0,0,0,17,1,0,23,18,59,99.8619,0,0
432,4.56911,3708900003063,432,00003063,3,309,134,9,40067.4,0,0,0,0,0,0,0,0,0,0,0,18,0,0,4,2,24,34.3513,0,0
571,2.30353,3717500004030,571,00004030,3,198,83,7,66506.3,0,0,0,0,0,0,0,0,0,0,0,0,0,0,0,0,0,36.0316,0,0
570,4.06105,3717500004029,570,00004029,3,374,172,12,66058,0,0,0,0,0,0,0,0,0,0,0,2,0,0,0,0,2,42.8246,0,0
572,5.28164,3717500004031,572,00004031,3,227,112,13,40722,0,0,0,0,0,0,0,0,0,0,0,3,3,0,0,0,6,22.2921,0,0
576,0.379657,3717500004035,576,00004035,3,116,46,0,40722,0,0,0,0,0,0,0,0,0,0,0,0,0,0,0,0,0,121.162,0,0
578,0.284411,3717500004037,578,00004037,3,92,36,1,40722,0,0,0,0,0,0,0,0,0,0,0,0,0,0,0,0,0,126.577,0,0
579,0.561018,3717500004038,579,00004038,3,187,79,1,40722,0,0,0,0,0,0,0,0,0,0,0,0,0,0,0,0,0,140.815,0,0
424,2.51362,3708900003055,424,00003055,3,413,149,8,41163,0,0,0,0,0,0,0,0,0,0,0,35,12,4,0,5,56,80.5859,0,0
338,31.6972,3708900005431,338,00005431,3,834,333,4,40921,0,0,0,0,0,0,0,0,0,1,0,34,14,0,0,156,204,16.6614,0,0
443,8.88726,3708900003075,443,00003075,3,674,294,7,39473,0,0,0,0,0,0,0,0,0,0,0,29,2,0,3,362,396,75.6993,0,0
445,5.11419,3708900003077,445,00003077,3,747,306,3,39473,0,0,0,0,0,0,0,0,0,4,0,3,0,0,1,54,58,70.6808,0,0
451,39.0679,3708900003083,451,00003083,3,817,336,44,66589.7,0,0,0,0,0,0,0,0,0,0,0,21,0,0,0,61,82,10.608,0,0
425,1.80077,3708900003056,425,00003056,3,864,286,3,37843,0,0,0,0,0,0,0,0,0,0,0,31,16,3,56,25,131,228.4,0,0
446,10.1543,3708900003078,446,00003078,3,954,394,6,21790.1,0,0,0,0,0,0,0,0,0,1,0,39,7,0,2,7,55,43.9819,0,0
504,4.79842,3708900003209,504,00003209,3,962,337,12,55943.1,0,0,0,0,0,0,0,0,0,3,0,7,13,0,5,25,50,80.1979,0,0
507,3.39081,3708900003212,507,00003212,3,1307,562,4,74327,0,0,0,0,0,0,0,0,0,0,0,46,33,20,17,24,140,205.232,0,0
132,0.992218,3702100002208,132,00002208,2,1140,488,870,79511,0,0,0,0,0,0,0,0,0,0,0,68,279,398,150,205,1100,1552.19,0,0
418,2.10793,3708900003049,418,00003049,3,512,156,6,58994,0,0,0,0,0,0,0,0,0,0,0,29,1,0,0,1,31,88.0723,0,0
422,2.90168,3708900003053,422,00003053,3,593,241,9,41176,0,0,0,0,0,0,0,0,0,8,0,38,0,0,29,3,70,106.129,0,0
374,1.79509,3708900003005,374,00003005,3,378,161,14,28505,0,0,0,0,0,0,0,0,0,0,0,8,13,46,20,91,178,184.532,0,0
449,2.96943,3708900003081,449,00003081,3,518,237,20,70114,0,0,0,0,0,0,0,0,0,0,0,0,4,35,1,26,66,101.072,0,0
448,2.96291,3708900003080,448,00003080,3,1758,802,50,31364,0,0,0,0,0,0,0,0,0,0,0,32,14,79,13,99,237,347.186,0,0
450,3.5406,3708900003082,450,00003082,3,2127,916,17,61709.7,0,0,0,0,0,0,0,0,0,0,65,104,26,39,55,152,376,360.286,0,0
501,1.57465,3708900003206,501,00003206,3,421,168,8,66983,0,0,0,0,0,0,0,0,0,0,0,29,0,0,2,26,57,141.313,0,0
500,1.63646,3708900003205,500,00003205,3,509,194,37,65035,0,0,0,0,0,0,0,7,0,0,0,11,7,0,3,2,23,131.991,0,0
499,2.73113,3708900003204,499,00003204,3,1008,394,65,65035,0,0,0,0,0,0,0,0,0,0,0,27,3,0,7,73,110,182.785,0,0
496,0.940251,3708900003201,496,00003201,3,353,148,22,62589.2,0,0,0,0,0,0,0,0,0,0,0,119,16,140,20,23,318,480.888,0,0
505,0.88202,3708900003210,505,00003210,3,562,241,19,52107,0,0,0,0,0,0,0,0,0,1,0,15,3,0,5,20,43,319.866,0,0
497,1.23811,3708900003202,497,00003202,3,218,86,23,74762,0,0,0,0,0,0,0,0,0,0,0,41,17,4,6,22,90,138.987,0,0
31,2.36207,3702100002036,31,00002036,3,856,359,110,59671,0,0,0,0,0,0,0,0,0,0,0,33,0,12,1,59,105,194.503,0,0
30,1.28353,3702100002035,30,00002035,2,1096,550,58,53110,0,0,0,0,0,0,0,0,0,0,0,29,2,0,0,127,158,546.246,0,0
29,0.94888,3702100002034,29,00002034,2,949,341,42,59671,0,0,0,0,0,0,0,0,0,0,0,85,13,0,35,136,269,630.521,0,0
33,0.858386,3702100002038,33,00002038,2,546,245,39,59671,0,0,0,0,0,0,0,0,0,0,0,668,97,0,13,177,955,1349.53,0,0
161,5.1184,3702100002238,161,00002238,2,5902,2963,2966,64262,0,0,0,0,0,165,0,0,0,0,0,406,572,798,532,2080,4388,1398.87,0,0
35,2.87065,3702100002042,35,00002042,2,236,134,876,41105,0,0,0,0,0,125,0,0,0,0,0,312,483,292,615,522,2224,787.688,0,0
213,0.36692,3702100002403,213,00002403,2,964,454,184,37231.5,0,0,0,0,0,0,0,0,0,0,0,25,2,9,4,27,67,1411.98,0,0
413,2.25849,3708900003044,413,00003044,3,1355,570,49,52646.4,0,0,0,0,0,0,0,0,0,0,0,8,3,3,3,36,53,274.827,0,0
371,2.43509,3708900003002,371,00003002,3,413,167,10,80147,0,0,0,0,0,0,0,0,0,0,0,1,2,0,0,3,6,70.9373,0,0
414,2.72403,3708900003045,414,00003045,3,474,199,11,44868,0,0,0,0,0,0,0,0,0,4,0,0,0,0,0,13,13,77.618,0,0
415,2.60755,3708900003046,415,00003046,3,753,307,17,28505,0,0,0,0,0,0,0,0,0,3,0,7,1,0,20,53,81,147.447,0,0
511,1.46059,3708900003216,511,00003216,3,118,39,23,74762,0,0,0,0,0,0,0,0,0,0,0,0,3,0,0,6,9,32.5952,0,0
32,0.387498,3702100002037,32,00002037,2,223,76,17,59671,0,0,0,0,0,0,0,7,0,0,0,1,3,0,0,81,85,405.936,0,0
519,1.59813,3708900003308,519,00003308,2,921,428,25,34688,0,0,0,0,0,0,0,0,0,0,0,220,26,0,1,798,1045,893.234,0,0
410,3.11798,3708900003041,410,00003041,3,2055,795,17,62141.8,0,0,0,0,0,0,0,0,0,0,0,45,62,78,27,76,288,343.318,0,0
520,0.682185,3708900003309,520,00003309,2,143,53,9,34688,0,0,0,0,0,66,0,0,0,0,0,8,31,25,0,19,83,194.062,0,0
110,6.95233,3702100002144,110,00002144,2,27,24,436,135000,0,0,0,0,0,0,0,0,0,0,213,2009,38,145,2,34,2228,309.968,0,0
121,0.455226,3702100002157,121,00002157,2,899,400,296,38640.9,0,0,0,0,0,0,0,0,0,0,0,55,11,0,18,88,172,1240.07,0,0
122,0.457584,3702100002158,122,00002158,2,1686,701,211,31698,0,0,0,0,0,0,0,0,0,0,0,47,105,27,16,56,251,2056.61,0,0
166,3.82047,3702100002243,166,00002243,2,252,97,1096,41105,0,0,0,0,0,0,0,0,0,0,0,277,449,96,74,109,1005,276.993,0,0
215,0.150721,3702100002405,215,00002405,2,57,27,148,36980.4,0,0,0,0,0,0,0,0,0,0,0,200,19,0,0,95,314,2171.75,0,0
214,0.454056,3702100002404,214,00002404,2,504,212,337,37071.6,0,0,0,0,0,0,0,0,0,0,0,21,5,0,33,35,94,664.913,0,0
120,0.246387,3702100002156,120,00002156,1,663,295,226,48558,0,0,0,0,0,0,0,0,0,0,0,114,29,16,3,113,275,2264.84,0,0
124,0.320584,3702100002160,124,00002160,1,729,312,319,48558,0,0,0,0,0,0,0,0,0,0,0,18,52,1,54,144,269,1775.79,0,0
201,0.411849,3702100002278,201,00002278,2,869,310,824,35962,0,0,0,0,0,0,0,0,0,0,0,80,0,0,6,249,335,1530.69,0,0
126,0.781927,3702100002202,126,00002202,2,1831,766,1221,29669,0,0,0,0,0,11,0,52,0,0,0,269,60,18,40,237,624,1742.91,0,0
200,0.214303,3702100002277,200,00002277,1,129,58,546,22021,0,0,0,0,0,0,0,0,0,0,0,21,286,215,118,299,939,4461.53,0,0
558,7.00759,3717500004017,558,00004017,3,1520,698,58,59154,0,0,0,0,0,0,0,0,0,0,0,12,4,0,0,19,35,104.383,0,0
559,7.41266,3717500004018,559,00004018,3,547,273,3,49265,0,0,0,0,0,0,0,0,0,0,0,32,2,0,5,82,121,52.4416,0,0
565,3.1106,3717500004024,565,00004024,3,1064,565,8,66058,0,0,0,0,0,0,0,0,0,0,0,4,3,6,4,85,102,213,0,0
621,6.78316,3717500004129,621,00004129,3,1564,560,68,35166.7,0,0,0,0,0,0,0,0,0,0,0,16,84,70,18,271,459,147.279,0,0
622,6.09684,3717500004130,622,00004130,3,321,39,76,40278,0,0,0,0,0,63,161,0,0,0,0,108,0,0,28,155,291,52.0484,0,0
623,6.18936,3717500004131,623,00004131,3,20,9,0,38958,0,0,0,0,0,79,0,0,0,0,0,0,151,106,1,6,264,42.2509,0,0
542,15.3944,3717500004001,542,00004001,3,746,308,0,38958,0,0,0,0,0,0,0,0,0,0,0,102,53,33,39,90,317,39.7025,0,0
555,2.82088,3717500004014,555,00004014,3,691,275,7,36532,0,0,0,0,0,0,0,0,0,0,0,0,0,0,0,0,0,97.4875,0,0
554,2.11149,3717500004013,554,00004013,3,318,138,3,36532,0,0,0,0,0,0,0,0,0,0,0,0,0,0,0,0,0,65.3565,0,0
557,2.69735,3717500004016,557,00004016,3,502,227,21,58954.7,0,0,0,0,0,0,0,0,0,0,0,20,0,0,3,11,34,96.2128,0,0
637,0.579779,3717500004147,637,00004147,2,302,158,91,76953,0,0,0,0,0,0,0,0,0,0,0,14,6,13,28,127,188,582.661,0,0
562,2.06803,3717500004021,562,00004021,3,193,98,1,49265,0,0,0,0,0,0,0,0,0,0,0,5,8,0,3,106,122,103.813,0,0
630,0.444219,3717500004138,630,00004138,1,633,307,1,36476,0,0,0,0,0,0,0,0,67,0,0,17,35,48,7,98,205,1132.49,0,0
629,0.0711264,3717500004137,629,00004137,1,57,35,0,36476,0,0,0,0,0,0,0,0,0,0,0,45,13,39,0,736,833,11693.7,0,0
628,0.398003,3717500004136,628,00004136,1,404,121,16,25595,0,0,0,0,0,0,0,0,0,0,0,129,22,0,2,448,601,1748.31,0,0
627,0.236737,3717500004135,627,00004135,1,260,87,9,25595,0,0,0,0,0,0,0,0,0,0,0,13,2,0,95,6,116,836.159,0,0
626,0.321281,3717500004134,626,00004134,1,64,22,12,25595,0,0,0,0,0,0,0,0,0,0,0,141,12,0,11,47,211,696.628,0,0
625,1.83109,3717500004133,625,00004133,3,417,175,7,28478,0,0,0,0,0,0,0,0,0,0,0,0,0,0,0,22,22,107.063,0,0
552,1.71592,3717500004011,552,00004011,3,313,131,3,36532,0,0,0,0,0,0,0,0,0,0,0,43,0,0,40,8,91,127.068,0,0
632,0.744443,3717500004140,632,00004140,3,346,131,4,36476,0,0,0,0,0,0,0,0,0,0,0,0,0,0,0,15,15,195.243,0,0
635,0.587701,3717500004145,635,00004145,2,423,196,90,76953,0,0,0,0,0,0,0,0,0,0,0,2,0,0,0,22,24,372.562,0,0
573,1.88503,3717500004032,573,00004032,3,188,91,4,46607,0,0,0,0,0,0,0,0,0,0,0,30,0,0,0,30,60,78.7192,0,0
584,1.01862,3717500004043,584,00004043,3,139,66,2,46607,0,0,0,0,0,0,0,0,0,0,0,4,3,0,0,0,7,71.3663,0,0
583,1.19705,3717500004042,583,00004042,3,480,214,7,46071,0,0,0,0,0,0,0,0,0,0,0,140,0,0,0,23,163,309.012,0,0
588,2.77846,3717500004047,588,00004047,3,466,355,21,32449.5,0,0,0,0,0,0,0,0,0,0,0,51,1,48,0,0,100,162.193,0,0
567,1.50377,3717500004026,567,00004026,3,149,65,12,46071,0,0,0,0,0,0,0,0,0,0,0,1,0,0,0,2,3,45.1329,0,0
574,3.36241,3717500004033,574,00004033,3,243,96,6,46607,0,0,0,0,0,0,0,0,0,0,0,1,0,0,0,4,5,29.9732,0,0
582,1.4945,3717500004041,582,00004041,3,682,295,12,46071,0,0,0,0,0,0,0,0,0,0,0,2,2,0,1,15,20,210.191,0,0
580,0.978997,3717500004039,580,00004039,2,178,66,4,23531,0,0,0,0,0,0,0,0,0,0,0,3,0,0,0,40,43,109.426,0,0
575,1.17444,3717500004034,575,00004034,3,209,94,1,46607,0,0,0,0,0,0,0,0,0,0,0,0,0,0,0,10,10,88.182,0,0
585,1.1492,3717500004044,585,00004044,3,308,137,2,46607,0,0,0,0,0,0,0,0,0,0,0,10,0,0,16,0,26,140.853,0,0
645,0.0590686,3717500004205,645,00004205,2,50,21,0,40722,0,0,0,0,0,0,0,0,0,0,0,0,0,0,0,75,75,1569.95,0,0
577,0.336497,3717500004036,577,00004036,2,32,11,1,46607,0,0,0,0,0,0,0,0,0,0,0,5,0,10,0,0,15,75.3259,0,0
644,0.0610736,3717500004204,644,00004204,2,52,23,0,46607,0,0,0,0,0,0,0,0,0,0,0,0,0,0,10,2,12,564.524,0,0
641,0.0429857,3717500004201,641,00004201,2,82,35,0,23531,0,0,0,0,0,0,0,0,0,0,0,0,0,0,0,6,6,947.729,0,0
643,0.136659,3717500004203,643,00004203,2,232,81,0,23531,0,0,0,0,0,0,0,0,0,0,0,0,0,0,0,70,70,1082.64,0,0
586,0.10282,3717500004045,586,00004045,2,56,28,0,23531,0,0,0,0,0,0,0,0,0,0,0,11,0,0,0,25,36,607.2,0,0
564,1.56257,3717500004023,564,00004023,3,221,99,0,49265,0,0,0,0,0,0,0,0,0,0,0,2,0,0,10,5,17,73.7629,0,0
568,1.07723,3717500004027,568,00004027,3,322,135,0,49265,0,0,0,0,0,0,0,0,0,0,0,2,0,0,0,200,202,304.677,0,0
569,1.87183,3717500004028,569,00004028,3,172,89,5,66058,0,0,0,0,0,0,0,0,0,0,0,0,0,0,1,125,126,111.93,0,0
639,0.143841,3717500004149,639,00004149,2,258,157,29,23750,0,0,0,0,0,0,0,0,0,0,0,0,15,0,0,29,44,1384.06,0,0
561,1.02221,3717500004020,561,00004020,2,194,76,12,57188,0,0,0,0,0,0,0,0,0,0,0,0,0,0,0,0,0,74.349,0,0
587,0.557186,3717500004046,587,00004046,2,264,119,4,32500,0,0,0,0,0,0,0,0,0,0,0,18,11,0,0,3,32,268.504,0,0
612,0.203321,3717500004120,612,00004120,1,282,106,176,22714,0,0,0,0,0,0,0,0,0,0,0,5,16,0,18,6,45,733.031,0,0
611,0.0572678,3717500004119,611,00004119,1,166,62,54,22714,0,0,0,0,0,0,0,0,0,0,0,4,0,16,0,22,42,1784.1,0,0
602,0.0309396,3717500004109,602,00004109,1,111,41,30,22714,0,0,0,0,0,0,0,0,0,0,0,61,3,6,45,4,119,5003.92,0,0
615,0.0383874,3717500004123,615,00004123,1,118,48,0,40278,0,0,0,0,0,0,0,0,0,0,0,0,3,25,0,0,28,1948.06,0,0
616,0.0615772,3717500004124,616,00004124,1,204,120,0,40278,0,0,0,0,0,0,0,0,0,0,0,1,0,0,0,0,1,1964.31,0,0
638,0.106459,3717500004148,638,00004148,1,267,131,22,23750,0,0,0,0,0,0,0,0,0,0,0,13,0,0,0,11,24,1446.14,0,0
608,0.11185,3717500004116,608,00004116,1,385,157,21,23750,0,0,0,0,0,0,0,0,0,0,0,4,2,7,0,10,23,1600.35,0,0
581,0.698339,3717500004040,581,00004040,2,629,269,4,57188,0,0,0,0,0,0,0,0,0,0,0,299,79,47,440,631,1496,2434.16,0,0
610,0.102961,3717500004118,610,00004118,1,144,75,22,53640,0,0,0,0,0,0,0,0,0,0,0,38,2,0,3,42,85,1518.04,0,0
599,0.0277554,3717500004106,599,00004106,1,184,70,24,22714,0,0,0,0,0,0,0,0,0,0,0,6,1,3,3,70,83,5382.25,0,0
609,0.104588,3717500004117,609,00004117,1,460,168,24,53640,0,0,0,0,0,0,0,0,30,0,0,0,2,0,0,121,123,2731.13,0,0
614,0.00245421,3717500004122,614,00004122,2,14,4,0,32500,0,0,0,0,0,0,0,0,0,0,0,0,0,0,0,0,0,1629.85,0,0
593,0.00221422,3717500004052,593,00004052,2,5,2,0,32500,0,0,0,0,0,0,0,0,0,0,0,0,0,0,0,0,0,903.251,0,0
640,0.10111,3717500004150,640,00004150,1,27,13,22,53640,0,0,0,0,0,0,0,0,0,0,0,0,0,0,0,72,72,809.664,0,0
617,0.127149,3717500004125,617,00004125,1,158,64,1,40278,0,0,0,0,0,0,0,0,0,0,0,27,0,0,45,4,76,1075.05,0,0
620,0.612091,3717500004128,620,00004128,2,450,252,7,40278,0,0,0,0,0,0,0,0,0,0,0,22,14,113,29,75,253,807.045,0,0
634,0.23602,3717500004143,634,00004143,1,338,86,12,63774.4,0,0,0,0,0,0,0,0,0,0,0,0,99,184,0,131,414,2042.1,0,0
618,0.058858,3717500004126,618,00004126,1,43,23,57,22714,0,0,0,0,0,0,0,0,0,0,0,9,60,83,0,22,174,3218.33,0,0
619,0.0611711,3717500004127,619,00004127,1,82,38,0,40278,0,0,0,0,0,0,0,0,0,0,0,17,0,0,53,7,77,1825.17,0,0
633,0.0736562,3717500004142,633,00004142,1,290,226,0,36476,0,0,0,0,0,0,0,0,0,0,0,12,16,13,4,100,145,4951.21,0,0
601,0.0294296,3717500004108,601,00004108,1,57,26,27,22714,0,0,0,0,0,0,0,0,0,0,0,29,37,16,282,36,400,13883.5,0,0
604,0.038201,3717500004111,604,00004111,1,59,27,34,22714,0,0,0,0,0,0,0,0,0,0,0,29,19,63,15,54,180,5213.56,0,0
605,0.0433161,3717500004113,605,00004113,1,263,0,6,0,0,0,0,0,0,0,0,0,0,0,0,0,3,6,1,3,13,287.053,0,0
606,0.0451846,3717500004114,606,00004114,1,66,32,7,76953,0,0,0,0,0,0,0,0,0,0,0,10,5,8,50,46,119,3227.18,0,0
607,0.0667421,3717500004115,607,00004115,1,104,55,14,23750,0,0,0,0,0,0,0,0,0,0,0,0,0,0,1,59,60,1683.91,0,0
594,0.0135094,3717500004101,594,00004101,1,14,8,12,22714,0,0,0,0,0,0,0,0,0,0,0,33,70,17,82,56,258,18858.5,0,0
596,0.03163,3717500004103,596,00004103,1,42,21,5,76953,0,0,0,0,0,0,0,0,0,0,0,48,67,76,232,55,478,15118.2,0,0
600,0.0298679,3717500004107,600,00004107,1,14,8,24,22714,0,0,0,0,0,0,0,0,0,0,0,16,49,15,70,72,222,7376.98,0,0
598,0.0360766,3717500004105,598,00004105,1,31,18,8,23750,0,0,0,0,0,0,0,0,0,0,0,3,0,15,19,42,79,2593.39,0,0
597,0.0172625,3717500004104,597,00004104,1,5,4,4,23750,0,0,0,0,0,0,0,0,0,0,0,6,2,19,54,103,184,10426.6,0,0
603,0.0280641,3717500004110,603,00004110,1,26,17,25,22714,0,0,0,0,0,0,0,0,0,0,0,8,3,0,1,5,17,1185.14,0,0
595,0.0102059,3717500004102,595,00004102,1,22,11,10,22714,0,0,0,0,0,0,0,0,0,0,0,9,26,13,7,33,88,9324.88,0,0
636,0.081346,3717500004146,636,00004146,1,150,80,12,76953,0,0,0,0,0,0,0,0,0,0,0,8,2,0,46,22,78,1900.57,0,0
556,7.7505,3717500004015,556,00004015,3,783,338,18,36532,0,0,0,0,0,0,0,0,0,0,0,39,8,0,0,60,107,56.8146,0,0
631,0.160551,3717500004139,631,00004139,3,66,41,6,25595,0,0,0,0,0,0,0,0,0,0,0,0,0,0,0,0,0,255.371,0,0
503,4.87381,3708900003208,503,00003208,3,680,309,7,52107,0,0,0,0,0,0,0,0,0,1,0,13,2,4,13,374,406,143.076,0,0
544,3.40709,3717500004003,544,00004003,3,715,190,17,28698.6,0,0,0,0,0,0,0,0,0,0,0,4,29,23,5,18,79,77.9435,0,0
502,3.26509,3708900003207,502,00003207,3,1248,524,2,55577,0,0,0,0,0,0,0,0,0,1,0,11,2,0,2,38,53,176.011,0,0
546,5.74429,3717500004005,546,00004005,3,1024,426,17,32166.9,0,0,0,0,0,0,0,0,0,0,0,4,0,0,1,9,14,76.4917,0,0
551,0.687931,3717500004010,551,00004010,3,84,29,1,32283,0,0,0,0,0,0,0,0,0,0,0,7,0,5,0,0,12,58.8395,0,0
550,0.968224,3717500004009,550,00004009,2,401,159,4,28478,0,0,0,0,0,0,0,0,0,0,0,109,46,42,69,109,375,534.663,0,0
547,0.929595,3717500004006,547,00004006,3,510,336,4,28478,0,0,0,0,0,0,160,0,0,0,0,21,0,0,0,14,35,397.459,0,0
624,0.599648,3717500004132,624,00004132,2,407,180,2,28478,0,0,0,0,0,0,0,0,0,0,0,12,40,45,3,29,129,505.936,0,0
36,11.889,3702100002043,36,00002043,3,1414,592,866,54538,0,0,0,0,0,0,0,0,0,0,0,38,9,10,8,112,177,64.0336,0,0
39,7.65025,3702100002046,39,00002046,3,2033,832,173,51039.7,0,0,0,0,0,0,0,0,0,0,0,30,5,7,1,48,91,120.132,0,0
40,10.2777,3702100002047,40,00002047,3,1013,414,65,43209,0,0,0,0,0,0,0,0,0,19,0,14,26,0,5,90,135,52.8447,0,0
41,22.385,3702100002048,41,00002048,3,2696,1111,144,35678.4,0,0,0,0,0,0,0,0,0,39,0,59,12,1,11,16,99,53.8616,0,0
51,10.0909,3702100002058,51,00002058,3,3444,1427,158,46847,0,0,0,0,0,0,0,0,0,0,0,70,37,12,54,53,226,162.835,0,0
37,1.8086,3702100002044,37,00002044,3,551,248,38,54538,0,0,0,0,0,0,0,0,0,0,0,212,33,148,18,43,454,377.216,0,0
172,5.2635,3702100002249,172,00002249,3,1348,548,289,62774.3,0,0,0,0,0,0,0,0,0,0,0,15,2,0,4,158,179,136.64,0,0
173,3.42669,3702100002250,173,00002250,3,2404,1010,43,41409.9,0,0,0,0,0,0,0,0,0,0,0,182,47,9,111,176,525,441.284,0,0
42,1.95371,3702100002049,42,00002049,2,1550,661,258,33391,0,0,0,0,0,0,0,0,23,0,0,58,92,12,4,210,376,522.407,0,0
308,1.2589,3708700005071,308,00005071,3,151,57,13,45396,0,0,0,0,0,0,0,0,0,0,0,3,0,0,0,0,3,47.557,0,0
320,0.713728,3708700005105,320,00005105,2,296,128,7,45396,0,0,0,0,0,0,0,0,0,0,0,0,1,8,0,3,12,195.421,0,0
323,0.554592,3708700005108,323,00005108,2,745,343,60,34735,0,0,0,0,0,0,0,0,0,0,0,6,0,0,5,2,13,640.893,0,0
48,3.88367,3702100002055,48,00002055,3,2013,840,207,42667,0,0,0,0,0,0,0,0,0,0,0,79,26,0,10,80,195,264.315,0,0
44,2.07423,3702100002051,44,00002051,2,1954,780,840,48395,0,0,0,0,0,0,0,0,0,5,0,312,32,63,15,92,514,613.056,0,0
304,6.87973,3708700005066,304,00005066,3,736,312,9,47532,0,0,0,0,0,0,0,0,0,0,0,7,1,2,0,3,13,47.158,0,0
306,3.99121,3708700005068,306,00005068,3,463,178,6,47532,0,0,0,0,0,0,0,0,0,0,0,0,0,0,0,4,4,45.5566,0,0
305,3.0257,3708700005067,305,00005067,3,513,202,4,47532,0,0,0,0,0,0,0,0,0,0,0,3,3,0,0,6,12,70.5548,0,0
46,7.37113,3702100002053,46,00002053,3,1947,755,360,30138.9,0,0,0,0,0,0,0,0,0,0,0,55,11,169,0,22,257,135.774,0,0
307,2.59859,3708700005070,307,00005070,3,208,92,22,48789.1,0,0,0,0,0,0,0,0,0,0,0,8,6,0,0,6,20,42.7651,0,0
319,0.745691,3708700005104,319,00005104,3,676,290,1,53744.7,0,0,0,0,0,0,0,0,0,0,0,0,1,4,8,0,13,405.576,0,0
318,0.232458,3708700005103,318,00005103,1,1019,399,145,29609,0,0,0,0,0,0,0,0,0,0,0,25,1,4,0,156,186,2481.75,0,0
321,0.125505,3708700005106,321,00005106,1,297,110,0,45396,0,0,0,0,0,0,0,0,0,0,0,10,0,0,0,15,25,1066.98,0,0
43,0.901431,3702100002050,43,00002050,3,428,177,48,33391,0,0,0,0,0,112,0,0,0,11,0,12,8,4,5,33,62,262.139,0,0
47,1.21439,3702100002054,47,00002054,3,622,244,72,80388,0,0,0,0,0,0,0,0,0,0,0,11,21,0,0,21,53,242.666,0,0
45,0.211451,3702100002052,45,00002052,2,400,150,7,47826,0,0,0,0,0,0,0,0,0,0,0,0,0,0,0,2,2,718.429,0,0
34,7.31864,3702100002040,34,00002040,3,1344,511,1062,42450,0,0,0,0,0,0,0,11,0,0,0,772,146,29,225,40,1212,228.216,0,0
49,3.30146,3702100002056,49,00002056,3,1814,701,100,52625,0,0,0,0,0,0,0,0,0,0,0,40,1,0,5,416,462,346.175,0,0
50,1.82976,3702100002057,50,00002057,3,1673,671,85,42249.2,0,0,0,0,0,0,0,0,0,0,0,32,20,0,16,22,90,413.76,0,0
189,1.76861,3702100002266,189,00002266,3,1147,473,50,29586.3,0,0,0,0,0,0,0,0,0,0,0,2,1,3,2,12,20,278.258,0,0
53,0.607357,3702100002060,53,00002060,2,774,285,255,46154,0,0,0,0,0,0,0,0,0,0,0,18,11,5,9,27,70,579.481,0,0
55,1.66099,3702100002062,55,00002062,3,889,356,20,36000,0,0,0,0,0,0,0,0,0,0,0,22,20,0,5,35,82,261.549,0,0
171,1.39073,3702100002248,171,00002248,2,1110,402,331,71765,0,0,0,0,0,0,0,0,0,0,0,408,451,47,53,627,1586,1379.81,0,0
180,0.595501,3702100002257,180,00002257,2,479,209,345,45241.4,0,0,0,0,0,234,0,0,0,0,0,1,30,243,0,216,490,1137.98,0,0
184,0.616709,3702100002261,184,00002261,2,1164,467,65,32990.9,0,0,0,0,0,0,0,0,0,0,0,15,2,12,9,4,42,822.384,0,0
188,0.816492,3702100002265,188,00002265,2,1721,679,969,24327,0,0,0,0,0,0,0,0,0,0,0,684,62,1,12,104,863,1842.55,0,0
174,0.601327,3702100002251,174,00002251,2,1001,405,188,51087,0,0,0,0,0,0,0,0,0,0,0,44,60,12,4,54,174,950.272,0,0
175,0.485297,3702100002252,175,00002252,2,524,239,276,49224,0,0,0,0,0,259,0,0,25,0,0,104,23,206,17,63,413,1306.45,0,0
191,0.588197,3702100002268,191,00002268,1,858,402,1299,40469,0,0,0,0,0,0,0,0,0,0,0,211,162,334,697,559,1963,3875.46,0,0
190,0.407227,3702100002267,190,00002267,1,1371,664,567,31950,0,0,0,0,0,0,0,0,0,0,0,81,52,327,36,170,666,3194.79,0,0
176,1.04862,3702100002253,176,00002253,2,882,366,358,50683.7,0,0,0,0,0,0,0,0,17,0,0,303,46,179,114,203,845,1119.77,0,0
177,0.578635,3702100002254,177,00002254,2,945,385,176,50708,0,0,0,0,0,0,0,0,0,0,0,3,3,2,1,38,47,743.048,0,0
54,1.08727,3702100002061,54,00002061,3,794,322,13,54229,0,0,0,0,0,0,0,0,0,0,0,13,9,6,1,8,37,328.703,0,0
168,0.656468,3702100002245,168,00002245,2,385,158,192,41105,0,0,0,0,0,441,0,0,0,0,0,24,137,107,2,106,376,788.507,0,0
181,0.590555,3702100002258,181,00002258,2,1690,774,350,45577,0,0,0,0,0,0,0,0,0,0,0,25,33,9,41,86,194,1624.83,0,0
178,1.36071,3702100002255,178,00002255,2,862,326,559,37348,0,0,0,0,0,0,119,0,0,0,0,206,29,2,20,139,396,517.936,0,0
169,0.544692,3702100002246,169,00002246,2,305,142,166,51087,0,0,0,0,0,0,0,0,0,0,0,105,5,0,3,4,117,466.146,0,0
170,0.627225,3702100002247,170,00002247,2,701,418,184,51087,0,0,0,0,0,0,0,0,0,0,0,12,4,2,3,19,40,727.424,0,0
187,0.225997,3702100002264,187,00002264,1,716,327,319,42134,0,0,0,0,0,0,0,0,22,0,0,79,98,69,73,116,435,3287.93,0,0
182,0.449423,3702100002259,182,00002259,2,1367,617,351,37625,0,0,0,0,0,0,0,0,0,0,0,123,53,9,6,68,259,1924.08,0,0
38,0.441617,3702100002045,38,00002045,2,255,108,130,51087,0,0,0,0,0,0,0,0,0,0,0,0,1,0,0,30,31,311.696,0,0
179,0.261974,3702100002256,179,00002256,2,156,60,152,39569.2,0,0,0,0,0,273,0,0,16,0,0,4,152,335,51,63,605,2437.88,0,0
183,0.666696,3702100002260,183,00002260,2,1471,608,602,36351,0,0,0,0,0,0,0,0,0,0,0,378,13,3,0,72,466,1580.5,0,0
123,0.129555,3702100002159,123,00002159,2,140,0,71,0,0,0,0,0,0,0,0,0,0,0,0,0,0,0,15,144,159,1173.84,0,0
185,0.367902,3702100002262,185,00002262,2,1197,546,281,36821,0,0,0,0,0,0,0,0,0,0,0,71,10,41,20,73,215,2043.04,0,0
186,0.233977,3702100002263,186,00002263,1,789,364,198,42049,0,0,0,0,0,0,0,0,0,0,0,10,14,25,39,143,231,2500,0,0
192,1.19751,3702100002269,192,00002269,2,2611,1134,724,50735,0,0,0,0,0,0,0,0,0,0,0,194,33,150,145,331,853,1628.26,0,0
52,0.852428,3702100002059,52,00002059,2,1108,398,357,49107,0,0,0,0,0,0,0,0,0,0,0,9,11,149,44,217,430,949.381,0,0
193,1.78432,3702100002270,193,00002270,2,1487,598,260,24524,0,0,0,0,0,0,0,0,0,0,0,19,31,6,37,369,462,582.79,0,0
199,1.28064,3702100002276,199,00002276,2,1019,358,210,32434,0,0,0,0,0,0,0,0,0,0,0,3,0,20,1,151,175,410.248,0,0
195,0.949916,3702100002272,195,00002272,2,1190,460,680,25341,0,0,0,0,0,0,0,0,0,0,0,185,52,6,7,182,432,919.23,0,0
196,0.291059,3702100002273,196,00002273,1,310,130,888,22021,0,0,0,0,0,0,0,0,0,30,274,13,14,0,6,74,107,798.261,0,0
197,0.19148,3702100002274,197,00002274,1,928,345,561,22021,0,0,0,0,0,0,0,0,0,0,0,6,0,5,5,5,21,1906.65,0,0
194,0.114523,3702100002271,194,00002271,1,39,17,320,22021,0,0,0,0,0,0,0,0,0,0,0,45,242,104,40,73,504,4357.71,0,0
198,0.0889723,3702100002275,198,00002275,2,96,46,253,22021,0,0,0,0,0,0,0,0,0,0,0,31,125,0,14,6,176,2409.04,0,0
217,1.27523,3702100002407,217,00002407,2,1421,631,799,34313,0,0,0,0,0,0,0,0,0,10,0,641,153,13,66,254,1127,1340.1,0,0
435,3.54008,3708900003066,435,00003066,3,617,244,10,44702.1,0,0,0,0,0,0,0,0,0,0,0,96,25,0,44,99,264,140.253,0,0
333,5.81327,3708900005433,333,00005433,3,623,261,13,54001.5,0,0,0,0,0,0,0,0,0,2,0,0,0,0,0,55,55,53.9465,0,0
553,6.06467,3708900005435,553,00005435,3,713,274,2,55000.9,0,0,0,0,0,0,0,0,0,0,0,42,0,7,5,363,417,110.945,0,0
436,2.43928,3708900003067,436,00003067,3,355,147,24,29306.6,0,0,0,0,0,0,0,0,0,14,0,0,15,0,0,4,19,67.7139,0,0
642,3.25107,3708900005434,642,00005434,3,593,250,9,49881.3,0,0,0,0,0,0,0,0,0,1,0,10,0,0,0,172,182,130.442,0,0
337,5.78737,3708900005432,337,00005432,3,863,354,5,40921,0,0,0,0,0,0,0,0,0,0,0,22,0,0,24,23,69,72.5711,0,0
441,4.02011,3708900003073,441,00003073,3,462,205,6,86016,0,0,0,0,0,0,0,0,0,0,0,21,0,0,0,98,119,79.3061,0,0
465,1.36281,3708900003113,465,00003113,2,575,233,50,58352,0,0,0,0,0,0,0,0,0,1,0,51,14,47,34,49,195,307.828,0,0
438,1.11981,3708900003069,438,00003069,2,727,342,31,47377.9,0,0,0,0,0,0,0,0,0,0,0,40,4,0,2,4,50,348.116,0,0
439,1.81435,3708900003070,439,00003070,3,628,280,40,49027.2,0,0,0,0,0,0,0,0,6,0,44,11,0,0,23,360,394,362.028,0,0
440,4.25777,3708900003071,440,00003071,3,1043,533,109,91938,0,0,0,0,0,0,0,22,0,1,20,48,30,15,26,224,343,202.234,0,0
442,2.05795,3708900003074,442,00003074,3,386,158,2,86016,0,0,0,0,0,0,0,0,0,0,0,7,1,0,178,128,314,222.711,0,0
444,6.79038,3708900003076,444,00003076,3,1493,654,43,84640.5,0,0,0,0,0,0,0,0,0,1,0,22,10,0,20,24,76,107.018,0,0
492,0.201183,3708900003140,492,00003140,2,186,104,6,58352,0,0,0,0,0,0,0,0,0,0,0,0,230,213,27,62,532,3046.17,0,0
466,0.711467,3708900003114,466,00003114,1,692,250,62,46959.6,0,0,0,0,0,0,0,0,0,0,0,26,69,214,84,122,515,1043.73,0,0
469,0.360528,3708900003117,469,00003117,1,740,268,21,28023.2,0,0,0,0,0,0,0,0,0,0,0,211,233,51,269,302,1066,3571.39,0,0
393,1.0435,3708900003024,393,00003024,3,662,337,32,62005,0,0,0,0,0,0,0,0,0,0,0,8,8,0,64,98,178,486.105,0,0
490,0.675342,3708900003138,490,00003138,2,494,201,71,34135,0,0,0,0,0,0,0,0,0,0,0,137,470,191,69,186,1053,1788.95,0,0
488,0.760787,3708900003136,488,00003136,2,1264,699,242,48527,0,0,0,0,0,0,0,0,0,0,0,212,89,343,215,716,1575,2898.88,0,0
470,0.675185,3708900003118,470,00003118,1,1357,613,49,38127.9,0,0,0,0,0,0,0,4,34,19,0,90,116,96,94,195,591,1745.11,0,0
370,2.00425,3708900003001,370,00003001,2,2118,839,39,65561.4,0,0,0,0,0,0,0,0,0,0,0,58,6,0,10,156,230,528.369,0,0
491,1.07856,3708900003139,491,00003139,2,775,386,52,23941.1,0,0,0,0,0,0,0,0,0,0,0,9,0,0,3,124,136,478.49,0,0
489,0.873433,3708900003137,489,00003137,2,355,173,94,34135,0,0,0,0,0,0,0,0,0,0,0,44,0,0,0,0,44,246.252,0,0
464,0.524908,3708900003112,464,00003112,2,397,143,177,50926.7,0,0,0,0,0,0,0,0,0,0,0,43,161,43,7,59,313,842.762,0,0
397,1.10846,3708900003028,397,00003028,3,598,259,3,66552,0,0,0,0,0,0,0,4,0,0,0,5,0,0,3,75,83,305.276,0,0
398,0.964656,3708900003029,398,00003029,3,253,116,3,70732,0,0,0,0,0,0,0,0,0,0,0,3,0,0,2,100,105,224.358,0,0
401,1.23964,3708900003032,401,00003032,3,401,183,39,74205,0,0,0,0,0,0,0,0,0,1,0,0,0,15,0,8,23,165.369,0,0
462,0.238859,3708900003110,462,00003110,1,475,224,71,32813,0,0,0,0,0,0,0,4,8,0,0,71,18,4,101,92,286,2083.02,0,0
463,0.263038,3708900003111,463,00003111,1,571,185,77,32813,0,0,0,0,0,0,0,0,0,0,0,96,32,45,16,87,276,1706.92,0,0
399,0.880088,3708900003030,399,00003030,3,603,273,27,69189,0,0,0,0,0,0,0,32,0,0,0,5,1,0,0,20,26,338.453,0,0
400,0.877311,3708900003031,400,00003031,2,546,259,28,55788,0,0,0,0,0,0,0,0,0,0,0,10,0,0,13,3,26,323.566,0,0
402,0.765396,3708900003033,402,00003033,3,279,124,15,57271,0,0,0,0,0,0,0,0,0,0,0,5,1,0,2,11,19,185.751,0,0
403,2.45444,3708900003034,403,00003034,3,841,343,34,59255.5,0,0,0,0,0,0,0,0,0,1,0,6,7,3,0,50,66,165.466,0,0
454,0.153825,3708900003102,454,00003102,1,128,64,292,53176,0,0,0,0,0,0,0,31,0,0,0,24,91,28,149,1702,1994,12814.5,0,0
455,0.166168,3708900003103,455,00003103,1,329,101,49,32813,0,0,0,0,0,0,0,0,0,0,0,131,100,11,36,211,489,3422.5,0,0
480,0.727997,3708900003128,480,00003128,2,662,305,10,57271,0,0,0,0,0,0,0,0,0,2,0,113,11,13,27,21,185,662.016,0,0
404,1.6666,3708900003035,404,00003035,3,1447,667,71,67556.9,0,0,0,0,0,0,0,0,0,1,0,19,0,0,1,9,29,416.859,0,0
407,0.902071,3708900003038,407,00003038,2,608,271,30,58352,0,0,0,0,0,0,0,0,0,1,0,3,0,0,0,92,95,401.148,0,0
409,1.96009,3708900003040,409,00003040,2,2064,825,88,69563.4,0,0,0,0,0,0,0,0,0,0,0,71,165,4,16,370,626,726.369,0,0
483,1.31392,3708900003131,483,00003131,2,1322,612,42,62408.3,0,0,0,0,0,0,0,0,0,0,0,43,10,5,9,61,128,558.959,0,0
460,0.459698,3708900003108,460,00003108,1,875,443,864,53176,0,0,0,0,0,0,0,0,0,0,0,7,0,0,15,273,295,1577.46,0,0
481,0.948826,3708900003129,481,00003129,2,837,374,40,34886,0,0,0,0,0,0,0,0,0,3,0,10,38,91,22,257,418,815.535,0,0
447,1.34032,3708900003079,447,00003079,3,903,391,8,70360.3,0,0,0,0,0,0,0,0,0,0,0,6,0,0,0,0,6,296.004,0,0
405,1.1672,3708900003036,405,00003036,3,395,166,17,69609,0,0,0,0,0,0,0,0,0,0,0,27,23,36,0,25,111,233.18,0,0
408,0.830338,3708900003039,408,00003039,3,116,41,14,58352,0,0,0,0,0,0,0,0,0,0,0,1,0,0,0,12,13,64.3521,0,0
498,1.38055,3708900003203,498,00003203,3,230,113,32,65035,0,0,0,0,0,0,0,0,0,0,0,132,9,0,27,46,214,230.113,0,0
406,0.204907,3708900003037,406,00003037,2,210,75,8,58352,0,0,0,0,0,0,0,0,0,0,0,4,0,0,0,6,10,412.697,0,0
395,0.645999,3708900003026,395,00003026,3,218,100,22,62005,0,0,0,0,0,0,0,0,0,0,0,1,0,1,0,0,2,157.76,0,0
396,1.06562,3708900003027,396,00003027,3,710,324,27,82893.4,0,0,0,0,0,0,0,0,0,0,0,14,0,0,3,86,103,396.498,0,0
394,1.24312,3708900003025,394,00003025,3,453,199,42,62005,0,0,0,0,0,0,0,0,0,0,0,4,0,0,2,7,13,170.083,0,0
476,0.701635,3708900003124,476,00003124,2,442,188,24,82337,0,0,0,0,0,0,0,0,0,0,0,3,1,3,5,17,29,307.478,0,0
471,0.47148,3708900003119,471,00003119,2,817,401,36,32813,0,0,0,0,0,0,0,0,16,14,0,15,45,94,40,99,293,1444.9,0,0
474,0.481496,3708900003122,474,00003122,2,1172,492,51,31218,0,0,0,0,0,0,0,0,0,11,0,0,5,0,20,188,213,1444.93,0,0
475,0.390758,3708900003123,475,00003123,2,514,258,41,77564.8,0,0,0,0,0,0,0,0,0,0,0,2,2,0,2,18,24,718.999,0,0
477,0.302371,3708900003125,477,00003125,2,214,100,1,56972.1,0,0,0,0,0,0,0,0,0,0,0,29,7,0,15,19,70,552.143,0,0
479,0.499808,3708900003127,479,00003127,2,939,486,14,50927.2,0,0,0,0,0,0,0,0,0,1,0,6,0,0,38,7,51,1069.97,0,0
459,0.323617,3708900003107,459,00003107,1,741,362,242,37500,0,0,0,0,0,0,0,9,0,1,0,6,15,18,2,338,379,2238.76,0,0
478,0.500467,3708900003126,478,00003126,2,229,111,16,74205,0,0,0,0,0,0,0,0,0,0,0,5,5,0,0,102,112,435.84,0,0
468,0.210628,3708900003116,468,00003116,1,99,54,18,51016,0,0,0,0,0,0,0,0,0,0,0,6,15,213,8,48,290,1573.27,0,0
472,0.236993,3708900003120,472,00003120,1,468,261,25,31758,0,0,0,0,0,0,0,0,0,0,0,88,127,120,40,122,497,3107.11,0,0
453,0.114997,3708900003101,453,00003101,1,341,155,87,37411.3,0,0,0,0,0,0,0,21,0,28,0,53,164,157,210,347,931,9091.23,0,0
457,0.173964,3708900003105,457,00003105,1,182,24,109,23750,0,0,0,0,0,0,0,0,0,13,0,44,108,140,1060,350,1702,9495.61,0,0
473,0.188611,3708900003121,473,00003121,1,533,273,25,31758,0,0,0,0,0,0,0,0,0,0,0,10,4,0,0,7,21,1553.91,0,0
458,0.225881,3708900003106,458,00003106,1,785,363,134,23750,0,0,0,0,0,0,0,0,0,0,0,2,44,39,38,102,225,2559.77,0,0
456,0.140953,3708900003104,456,00003104,1,171,79,83,23750,0,0,0,0,0,0,0,0,0,0,0,133,159,43,307,83,725,5480.1,0,0
487,0.822711,3708900003135,487,00003135,2,571,237,150,55987,0,0,0,0,0,0,0,0,0,0,0,21,0,0,4,2,27,319.461,0,0
486,0.681212,3708900003134,486,00003134,2,184,74,25,46360,0,0,0,0,0,0,0,0,0,0,0,325,119,136,16,17,613,969.318,0,0
412,0.853815,3708900003043,412,00003043,2,132,59,26,58631.2,0,0,0,0,0,0,0,0,0,0,0,93,12,3,1,0,109,191.206,0,0
411,0.951574,3708900003042,411,00003042,2,753,308,65,82563,0,0,0,0,0,0,0,0,0,0,0,231,6,0,14,39,290,615.164,0,0
485,1.34356,3708900003133,485,00003133,2,1052,444,53,47731.2,0,0,0,0,0,0,0,0,0,1,0,76,101,19,132,185,513,695.664,0,0
461,0.568459,3708900003109,461,00003109,2,1389,618,65,51988.7,0,0,0,0,0,0,0,0,0,0,0,34,30,8,47,168,287,1570.04,0,0
484,0.510381,3708900003132,484,00003132,2,594,247,59,52007,0,0,0,0,0,0,0,0,0,0,0,16,0,0,52,15,83,639.495,0,0
482,0.273487,3708900003130,482,00003130,2,737,484,8,62337,0,0,0,0,0,0,0,0,0,0,0,3,17,6,6,20,52,1951.6,0,0
592,7.78357,3708900005436,592,00005436,3,809,345,6,56477,0,0,0,0,0,0,0,0,0,9,0,0,0,0,0,0,0,44.3242,0,0
434,4.0839,3708900003065,434,00003065,3,1141,422,17,43237,0,0,0,0,0,0,0,0,0,0,0,10,53,0,0,6,69,119.493,0,0
384,1.72283,3708900003015,384,00003015,3,321,115,4,47238,0,0,0,0,0,0,0,0,0,0,0,24,3,0,0,16,43,90.6231,0,0
386,1.30507,3708900003017,386,00003017,3,625,220,5,30964,0,0,0,0,0,0,0,0,0,0,0,5,2,0,0,12,19,182.498,0,0
381,1.9711,3708900003012,381,00003012,3,1028,390,12,47238,0,0,0,0,0,0,0,0,0,17,0,18,4,0,0,99,121,256.573,0,0
380,1.50375,3708900003011,380,00003011,3,580,251,6,39809,0,0,0,0,0,0,0,0,0,6,0,10,0,0,12,8,30,185.997,0,0
383,1.19412,3708900003014,383,00003014,3,402,153,4,39809,0,0,0,0,0,0,0,0,0,0,0,18,4,0,4,6,32,153.76,0,0
382,0.973422,3708900003013,382,00003013,3,720,324,3,39809,0,0,0,0,0,0,0,0,0,0,0,107,10,3,6,30,156,486.129,0,0
378,1.97058,3708900003009,378,00003009,3,850,308,12,46328,0,0,0,0,0,0,0,0,0,0,0,146,3,0,2,12,163,235.415,0,0
377,1.23309,3708900003008,377,00003008,3,563,196,7,42250,0,0,0,0,0,0,0,0,0,0,0,82,9,3,0,6,100,236.517,0,0
376,1.8195,3708900003007,376,00003007,3,409,169,9,42250,0,0,0,0,0,0,0,0,0,0,0,2,3,16,18,117,156,174.887,0,0
385,1.68739,3708900003016,385,00003016,3,648,294,5,30964,0,0,0,0,0,131,0,0,3,1,0,10,32,31,0,17,90,225.248,0,0
389,0.58582,3708900003020,389,00003020,2,834,287,33,30594,0,0,0,0,0,65,0,0,0,0,0,129,42,261,2,68,502,1309.52,0,0
391,0.825398,3708900003022,391,00003022,2,1162,412,8,27125,0,0,0,0,0,0,0,0,0,0,0,328,15,11,49,56,459,1031.04,0,0
387,0.692004,3708900003018,387,00003018,2,326,110,27,58352,0,0,0,0,0,0,0,0,0,0,0,59,188,0,5,451,703,1130.62,0,0
390,0.555439,3708900003021,390,00003021,1,792,317,29,31097,0,0,0,0,0,0,0,0,0,1,0,215,32,140,20,215,622,1641.8,0,0
437,0.54863,3708900003068,437,00003068,2,392,168,8,27232.6,0,0,0,0,0,0,0,0,0,0,0,842,13,7,1,4,867,1817.72,0,0
392,0.722592,3708900003023,392,00003023,2,586,292,38,27581,0,0,0,0,0,53,0,0,0,0,0,6,1,0,2,77,86,517.935,0,0
388,0.456938,3708900003019,388,00003019,1,660,261,28,42385,0,0,0,0,0,0,0,0,0,2,0,4,0,0,1,8,13,598.405,0,0
467,0.298783,3708900003115,467,00003115,1,457,178,27,22042,0,0,0,0,0,0,0,0,0,0,0,4,1,0,0,9,14,640.566,0,0
379,1.15661,3708900003010,379,00003010,3,429,183,4,39809,0,0,0,0,0,0,0,0,0,3,0,43,18,6,5,75,147,279.784,0,0
373,1.16367,3708900003004,373,00003004,2,408,216,57,24455,0,0,0,0,0,0,0,0,0,0,0,5,0,0,0,93,98,266.169,0,0
375,0.854483,3708900003006,375,00003006,2,923,515,4,42250,0,0,0,0,0,0,0,0,16,0,0,10,2,0,10,4,26,631.806,0,0
495,0.952064,3708900003143,495,00003143,2,1109,468,3,42250,0,0,0,0,0,0,0,0,0,0,0,489,52,133,59,349,1082,1578.56,0,0
372,1.57783,3708900003003,372,00003003,3,660,247,81,34771.7,0,0,0,0,0,0,0,0,0,0,0,5,4,0,0,104,113,225.043,0,0
494,0.802103,3708900003142,494,00003142,2,818,363,85,32411,0,0,0,0,0,361,0,0,0,0,0,48,83,147,4,126,408,939.077,0,0
493,0.343473,3708900003141,493,00003141,2,209,93,11,58352,0,0,0,0,0,180,0,0,0,0,0,0,14,75,2,174,265,1008.7,0,0
431,1.80502,3708900003062,431,00003062,3,755,289,10,44990,0,0,0,0,0,0,0,0,0,0,0,4,1,3,4,10,22,171.766,0,0
17,8.17604,3702100002019,17,00002019,3,1490,596,61,90278,0,0,0,0,0,0,0,5,0,0,0,73,9,5,62,83,232,100.036,0,0
8,2.2385,3702100002008,8,00002008,2,2197,766,1371,35933,0,0,0,0,0,0,0,0,0,0,0,574,72,30,193,706,1575,1015.16,0,0
13,7.31006,3702100002015,13,00002015,3,2434,982,657,50069.5,0,0,0,0,0,0,0,0,0,0,0,178,69,74,66,85,472,196.093,0,0
19,13.352,3702100002021,19,00002021,3,3798,1405,482,60386.8,0,0,0,0,0,0,0,0,0,0,0,117,35,32,21,370,575,146.417,0,0
18,9.427,3702100002020,18,00002020,3,2011,810,468,58070.9,0,0,0,0,0,0,0,0,0,0,0,69,9,51,70,300,499,136.552,0,0
21,3.23702,3702100002023,21,00002023,3,308,106,127,60968,0,0,0,0,0,0,0,0,0,0,0,14,0,12,0,46,72,54.0204,0,0
150,6.70452,3702100002226,150,00002226,3,1974,799,1011,55870,0,0,0,0,0,432,0,0,0,0,0,121,37,157,57,183,555,198.349,0,0
153,3.89706,3702100002229,153,00002229,3,2681,1268,603,44174,0,0,0,0,0,0,0,0,0,0,0,225,44,58,10,345,682,492.757,0,0
516,3.3704,3708900003305,516,00003305,3,1597,622,31,47232,0,0,0,0,0,0,0,0,0,0,0,25,3,0,16,3,47,197.886,0,0
517,5.69749,3708900003306,517,00003306,3,1035,431,18,57191,0,0,0,0,0,0,0,0,0,0,0,7,2,0,2,26,37,81.8586,0,0
157,1.1053,3702100002234,157,00002234,2,2744,1183,1400,44837,0,0,0,0,0,0,0,0,0,25,0,171,194,293,194,317,1169,2081.88,0,0
160,1.39086,3702100002237,160,00002237,2,640,267,85,135000,0,0,0,0,0,0,0,0,0,0,0,0,0,0,27,319,346,429.903,0,0
20,3.33383,3702100002022,20,00002022,3,1951,736,126,60655,0,0,0,0,0,0,0,0,0,0,0,39,2,4,6,49,100,249.457,0,0
154,1.49367,3702100002230,154,00002230,2,2121,973,191,54982.2,0,0,0,0,0,0,0,0,0,0,0,20,5,21,19,56,121,728.898,0,0
156,3.35103,3702100002232,156,00002232,2,4752,1945,964,60756.4,0,0,0,0,0,0,0,7,0,0,0,287,100,35,40,591,1053,880.969,0,0
155,0.718546,3702100002231,155,00002231,2,1592,673,220,62679,0,0,0,0,0,0,0,0,0,0,0,25,0,7,10,8,50,1003.17,0,0
27,3.52876,3702100002031,27,00002031,2,2211,913,1514,36636.8,0,0,0,0,0,107,0,0,0,0,0,612,188,379,293,944,2416,913.581,0,0
165,0.527695,3702100002242,165,00002242,1,1075,336,989,32121,0,0,0,0,0,0,0,0,0,0,0,998,417,71,114,391,1991,4245.48,0,0
22,0.44644,3702100002024,22,00002024,2,811,305,826,39154,0,0,0,0,0,0,0,0,0,0,0,66,75,28,85,15,269,1259.49,0,0
26,2.59327,3702100002030,26,00002030,2,926,375,386,47697,0,0,0,0,0,150,0,0,0,0,0,747,361,589,317,272,2286,987.74,0,0
23,0.783508,3702100002025,23,00002025,2,521,271,1444,39154,0,0,0,0,0,0,0,0,0,0,0,286,115,117,114,142,774,1290.74,0,0
513,0.505456,3708900003302,513,00003302,2,759,340,44,39853,0,0,0,0,0,0,0,2,0,0,0,98,81,70,15,116,380,1391.73,0,0
512,0.813956,3708900003301,512,00003301,2,888,355,56,48449,0,0,0,0,0,0,0,0,0,0,0,18,27,23,22,44,134,593.602,0,0
521,0.8732,3708900003310,521,00003310,2,352,144,12,34688,0,0,0,0,0,0,0,0,0,0,0,833,259,60,150,119,1421,1721.41,0,0
509,1.59728,3708900003214,509,00003214,3,391,157,28,74762,0,0,0,0,0,0,0,0,0,7,0,49,0,0,94,11,154,190.508,0,0
510,0.998072,3708900003215,510,00003215,2,380,159,17,74762,0,0,0,0,0,0,0,0,0,0,0,1003,3,0,0,104,1110,1223.03,0,0
452,0.789237,3708900003084,452,00003084,2,31,12,14,74762,0,0,0,0,0,0,0,0,0,0,0,0,0,0,0,0,0,15.2046,0,0
523,0.480049,3708900003313,523,00003313,2,0,0,32,0,0,0,0,0,0,0,0,0,0,0,0,0,0,23,0,1,24,47.8182,0,0
524,0.469431,3708900003314,524,00003314,2,852,352,30,47534.3,0,0,0,0,0,0,0,0,0,0,0,3,9,0,11,2,25,800.781,0,0
508,0.715572,3708900003213,508,00003213,3,374,159,12,74762,0,0,0,0,0,0,0,4,0,0,0,44,53,6,0,50,153,426.706,0,0
522,1.15662,3708900003312,522,00003312,2,844,307,17,34688,0,0,0,0,0,0,0,0,0,0,0,126,9,0,0,43,178,412.624,0,0
526,0.235454,3708900003316,526,00003316,2,441,211,14,39853,0,0,0,0,0,427,0,0,30,0,0,18,142,217,4,74,455,2744.45,0,0
525,0.604306,3708900003315,525,00003315,2,1123,474,42,39853,0,0,0,0,0,0,0,0,0,5,0,128,20,1,0,34,183,1074.01,0,0
164,0.833757,3702100002241,164,00002241,2,611,323,1263,32121,0,0,0,0,0,0,0,0,0,0,0,1583,203,60,27,125,1998,2679.45,0,0
162,0.55774,3702100002239,162,00002239,2,895,405,666,28855.1,0,0,0,0,0,0,0,0,0,0,0,30,44,122,165,166,527,1629.89,0,0
515,1.26701,3708900003304,515,00003304,2,1209,508,10,47232,0,0,0,0,0,0,0,0,0,0,0,996,240,36,26,234,1532,1557.45,0,0
514,1.21983,3708900003303,514,00003303,2,896,361,135,48547,0,0,0,0,0,0,0,0,0,0,0,322,99,0,62,224,707,850.299,0,0
518,2.87019,3708900003307,518,00003307,3,773,319,7,57191,0,0,0,0,0,0,0,0,0,1,0,51,0,0,0,7,58,130.471,0,0
143,4.38961,3702100002219,143,00002219,2,5855,2663,2417,50935.3,0,0,0,0,0,0,0,0,0,0,0,209,256,65,188,650,1368,904.736,0,0
148,0.97782,3702100002224,148,00002224,2,1588,817,216,42460,0,0,0,0,0,0,0,0,0,0,0,41,12,57,20,66,196,1027.25,0,0
16,4.40965,3702100002018,16,00002018,3,2550,1178,455,57432.3,0,0,0,0,0,0,0,0,0,0,0,111,18,105,37,226,497,374.941,0,0
142,2.39847,3702100002218,142,00002218,2,1311,811,614,34431.5,0,0,0,0,0,758,0,0,46,0,0,31,108,535,143,443,1260,840.596,0,0
145,0.759382,3702100002221,145,00002221,2,1036,538,764,48977,0,0,0,0,0,87,0,0,12,0,0,136,115,40,17,145,453,1279.04,0,0
146,0.299237,3702100002222,146,00002222,2,652,312,73,55518,0,0,0,0,0,0,0,0,0,0,0,3,5,63,24,47,142,1496.53,0,0
149,0.649232,3702100002225,149,00002225,2,908,428,156,55518,0,0,0,0,0,0,0,0,0,0,0,56,8,230,14,31,339,1158.66,0,0
151,1.60033,3702100002227,151,00002227,2,644,358,1257,48346,0,0,0,0,0,174,0,0,0,0,0,267,874,329,210,349,2029,1436.37,0,0
152,2.29331,3702100002228,152,00002228,2,2340,997,674,35359,0,0,0,0,0,0,0,0,0,0,0,464,82,0,71,218,835,782.992,0,0
118,0.544078,3702100002154,118,00002154,1,300,76,605,20107,0,0,0,0,0,0,0,0,0,0,0,200,46,18,28,174,466,958.892,0,0
101,0.578475,3702100002134,101,00002134,1,1394,643,3450,49939.1,0,0,0,0,0,81,0,6,0,0,0,8,21,39,0,458,526,1981.24,0,0
102,0.351559,3702100002135,102,00002135,1,183,97,1165,52146,0,0,0,0,0,203,0,0,0,0,0,296,1436,285,232,190,2439,6911.53,0,0
106,0.528078,3702100002140,106,00002140,2,1307,564,200,46467,0,0,0,0,0,0,0,0,0,0,0,27,9,7,8,294,345,1692.89,0,0
91,0.168424,3702100002123,91,00002123,1,488,372,558,13725,0,0,0,0,0,0,0,0,0,0,0,85,16,5,98,299,503,5065.19,0,0
95,0.155742,3702100002127,95,00002127,1,217,106,523,13725,0,0,0,0,0,0,0,0,0,0,0,86,124,19,0,128,357,2873.06,0,0
119,0.0416511,3702100002155,119,00002155,1,2,1,108,13725,0,0,0,0,0,0,0,0,0,0,0,1,1,12,0,9,23,552.173,0,0
82,0.208941,3702100002114,82,00002114,1,639,334,789,30829,0,0,0,0,0,0,0,0,0,0,0,0,3,0,4,18,25,1712.98,0,0
100,0.414602,3702100002133,100,00002133,1,560,281,910,39219,0,0,0,0,0,0,0,0,0,7,0,2,2,0,15,13,32,751.58,0,0
85,0.268804,3702100002117,85,00002117,1,233,105,944,30829,0,0,0,0,0,0,0,0,0,0,0,4,24,26,44,6795,6893,24917.4,0,0
88,0.0641937,3702100002120,88,00002120,1,254,94,534,27181,0,0,0,0,0,0,0,0,0,0,0,0,0,0,1,146,147,3654.57,0,0
90,0.0735838,3702100002122,90,00002122,1,191,80,561,27181,0,0,0,0,0,0,0,0,0,0,0,135,0,0,59,29,223,3985.81,0,0
87,0.0835221,3702100002119,87,00002119,1,43,35,695,27181,0,0,0,0,0,0,0,0,0,0,0,155,65,4,374,579,1177,13897.6,0,0
159,1.05542,3702100002236,159,00002236,2,669,271,61,135000,0,0,0,0,0,0,0,0,0,4,17,21,50,2,85,131,289,518.672,0,0
107,0.850354,3702100002141,107,00002141,1,776,254,2191,16504,0,0,0,0,0,543,0,7,0,0,0,619,367,212,119,2436,3753,4520,0,0
105,1.09544,3702100002139,105,00002139,1,2275,1003,1614,21720.8,0,0,0,0,0,104,0,8,0,0,0,419,763,394,239,451,2266,2894.13,0,0
158,0.551132,3702100002235,158,00002235,1,1527,661,607,33457,0,0,0,0,0,0,0,0,0,0,0,26,31,111,13,445,626,2285.74,0,0
108,0.0658211,3702100002142,108,00002142,1,152,101,732,46667,0,0,0,0,0,0,0,0,0,0,0,23,20,60,15,7,125,3350.87,0,0
113,0.252153,3702100002148,113,00002148,1,1,1,1296,20107,0,0,0,0,0,0,0,0,0,0,0,301,31,0,3,1637,1972,7484.12,0,0
112,0.122201,3702100002147,112,00002147,1,274,160,1406,46667,0,0,0,0,0,72,0,0,0,0,0,45,38,65,2,89,239,3179.97,0,0
114,0.131033,3702100002149,114,00002149,1,203,84,626,20107,0,0,0,0,0,0,0,0,0,0,0,16,59,13,124,505,717,5874.72,0,0
115,0.0888093,3702100002150,115,00002150,1,519,156,458,20107,0,0,0,0,0,0,0,11,0,0,0,1,0,0,2,261,264,4599.81,0,0
117,0.132406,3702100002152,117,00002152,1,522,207,144,20107,0,0,0,0,0,0,0,0,0,0,0,5,8,4,12,35,64,2025.69,0,0
89,0.0667573,3702100002121,89,00002121,1,246,102,538,27181,0,0,0,0,0,0,0,0,0,0,0,13,8,0,0,43,64,2444.88,0,0
111,0.0576954,3702100002146,111,00002146,1,722,0,639,0,0,0,0,0,0,0,0,0,0,0,0,0,0,15,307,31,353,5851.96,0,0
103,0.0869564,3702100002136,103,00002136,1,0,0,66,0,0,0,0,0,0,0,0,0,0,0,0,0,367,115,57,14,553,6082.63,0,0
137,1.27419,3702100002213,137,00002213,1,1280,623,195,76042,0,0,0,0,0,0,0,0,0,0,0,20,2,0,22,48,92,557.996,0,0
136,0.771894,3702100002212,136,00002212,1,1723,790,2143,55000,0,0,0,0,0,0,0,0,0,0,512,73,129,1424,86,396,2108,3635.5,0,0
140,0.189361,3702100002216,140,00002216,1,657,312,224,56094,0,0,0,0,0,11,0,0,0,0,0,0,5,0,24,73,102,2162.85,0,0
141,0.326229,3702100002217,141,00002217,1,773,428,283,29129,0,0,0,0,0,16,0,0,0,0,0,21,8,29,60,156,274,2115.3,0,0
128,0.323528,3702100002204,128,00002204,1,1408,149,710,31224,0,0,0,0,0,0,0,0,0,0,0,0,2,88,49,634,773,2745.8,0,0
130,0.144148,3702100002206,130,00002206,1,682,366,85,29972,0,0,0,0,0,0,0,0,0,0,0,0,14,0,4,10,28,2724.85,0,0
78,0.0803529,3702100002110,78,00002110,1,2,1,253,30829,0,0,0,0,0,0,0,0,0,0,0,9,25,0,260,595,889,10594.4,0,0
80,0.100242,3702100002112,80,00002112,1,265,123,376,30829,0,0,0,0,0,0,0,0,0,0,0,0,0,0,36,104,140,2562.84,0,0
134,0.176076,3702100002210,134,00002210,1,826,354,896,29508,0,0,0,0,0,0,0,20,0,0,0,67,33,73,62,277,512,4791.74,0,0
133,0.150465,3702100002209,133,00002209,1,528,285,1134,29508,0,0,0,0,0,11,0,0,0,0,0,57,104,247,284,472,1164,9293.34,0,0
129,0.270284,3702100002205,129,00002205,1,978,466,625,31224,0,0,0,0,0,0,0,14,0,0,0,10,9,0,34,223,276,2700.8,0,0
127,0.174982,3702100002203,127,00002203,1,891,450,253,43963.4,0,0,0,0,0,0,0,12,0,0,0,91,28,19,32,122,292,4167.78,0,0
93,0.0119373,3702100002125,93,00002125,1,25,10,311,17939,0,0,0,0,0,0,0,0,0,0,0,10,12,3,8,26,59,5565,0,0
125,0.346327,3702100002201,125,00002201,1,1234,506,167,19814.3,0,0,0,0,0,0,0,0,0,0,0,23,14,3,34,216,290,2261.95,0,0
98,0.0344775,3702100002130,98,00002130,1,123,117,955,17939,0,0,0,0,0,116,0,0,0,0,0,16,55,124,474,83,752,24255.2,0,0
97,0.0102593,3702100002129,97,00002129,1,39,25,277,17939,0,0,0,0,0,0,0,0,0,0,0,2,0,7,357,229,595,57908.2,0,0
96,0.0359069,3702100002128,96,00002128,1,209,6,118,13725,0,0,0,0,0,0,0,0,0,0,0,30,95,25,26,117,293,7971.82,0,0
94,0.0145156,3702100002126,94,00002126,1,33,3,48,13725,0,0,0,0,0,0,0,0,0,0,0,36,80,0,11,14,141,9497.45,0,0
76,0.0365676,3702100002108,76,00002108,1,64,49,975,17939,0,0,0,0,0,150,0,0,0,0,0,43,68,244,133,167,655,18472.2,0,0
77,0.0334839,3702100002109,77,00002109,1,125,92,874,17939,0,0,0,0,0,277,0,0,0,0,0,0,12,71,594,472,1149,35568.6,0,0
79,0.0368093,3702100002111,79,00002111,1,446,0,778,0,0,0,0,0,0,0,0,0,0,0,0,12,4,4,2274,0,2294,59607.8,0,0
69,0.014312,3702100002101,69,00002101,1,13,11,335,17939,0,0,0,0,0,0,0,0,0,0,0,37,52,109,240,579,1017,68733.9,0,0
70,0.016122,3702100002102,70,00002102,1,66,43,428,17939,0,0,0,0,0,0,0,0,0,0,0,21,96,219,51,213,600,38263.2,0,0
81,0.0136756,3702100002113,81,00002113,1,0,0,361,0,0,0,0,0,0,0,0,0,0,0,0,150,0,0,64,5,219,15316.7,0,0
84,0.0206673,3702100002116,84,00002116,1,21,11,500,17939,0,0,0,0,0,0,0,0,0,0,0,0,0,3,16,6,25,1689.21,0,0
92,0.0405036,3702100002124,92,00002124,1,116,100,1057,17939,0,0,0,0,0,92,0,0,0,0,0,194,29,11,76,245,555,15574.8,0,0
83,0.0350887,3702100002115,83,00002115,1,67,40,874,17939,0,0,0,0,0,115,0,0,0,0,0,39,30,99,45,200,413,12397.7,0,0
71,0.0201278,3702100002103,71,00002103,1,19,12,523,17939,0,0,0,0,0,0,0,6,0,0,0,19,14,50,107,186,376,18463.5,0,0
73,0.00894654,3702100002105,73,00002105,1,1,1,229,17939,0,0,0,0,0,0,0,0,0,0,0,30,234,281,139,211,895,95795,0,0
86,0.0121719,3702100002118,86,00002118,1,63,41,92,27181,0,0,0,0,0,0,0,0,0,0,0,22,0,122,12,65,221,20734.4,0,0
75,0.0242796,3702100002107,75,00002107,1,180,164,630,17939,0,0,0,0,0,0,0,0,0,0,0,468,174,102,339,779,1862,80105.7,0,0
74,0.00909724,3702100002106,74,00002106,1,45,27,211,17939,0,0,0,0,0,33,0,0,0,0,0,8,40,106,41,227,422,47336,0,0
72,0.00994519,3702100002104,72,00002104,1,48,34,274,17939,0,0,0,0,0,0,0,0,0,0,0,17,92,75,39,123,346,36694.7,0,0
135,0.153687,3702100002211,135,00002211,1,636,333,380,33142,0,0,0,0,0,0,0,6,0,0,0,28,18,74,12,203,335,4251.6,0,0
131,0.510252,3702100002207,131,00002207,1,1253,558,199,40938,0,0,0,0,0,0,0,7,0,0,0,40,55,75,61,115,346,1742.15,0,0
99,0.230571,3702100002131,99,00002131,1,245,117,513,39219,0,0,0,0,0,76,0,0,38,0,0,10,130,474,160,214,988,4605.89,0,0
147,0.175205,3702100002223,147,00002223,2,434,213,292,43108,0,0,0,0,0,0,0,0,0,0,0,0,2,0,10,36,48,1477.76,0,0
420,3.36284,3708900003051,420,00003051,3,219,110,4,40531,0,0,0,0,0,0,0,0,9,0,0,6,3,0,20,1,30,41.2431,0,0
417,4.15674,3708900003048,417,00003048,3,160,69,4,58458.8,0,0,0,0,0,0,0,0,0,0,0,0,3,0,0,0,3,17.2898,0,0
419,6.92277,3708900003050,419,00003050,3,273,118,9,40687.5,0,0,0,0,0,0,0,0,0,4,0,3,0,0,0,0,3,17.4597,0,0
416,8.1833,3708900003047,416,00003047,3,661,264,10,58994,0,0,0,0,0,0,0,0,0,0,0,2,1,0,0,7,10,33.4296,0,0
236,0.976435,3702100002515,236,00002515,2,842,326,168,36411.4,0,0,0,0,0,0,150,0,0,0,0,463,38,2,5,115,623,944.124,0,0
9,0.3391,3702100002009,9,00002009,2,753,315,101,43910,0,0,0,0,0,0,0,0,0,0,0,9,1,0,5,12,27,1005.08,0,0
11,3.35685,3702100002012,11,00002012,3,855,360,850,33413,0,0,0,0,0,0,0,0,0,0,0,78,49,41,41,47,256,180.185,0,0
10,3.79024,3702100002010,10,00002010,3,846,344,805,46349.1,0,0,0,0,0,0,0,0,0,0,0,289,13,145,17,71,535,225.766,0,0
223,0.341694,3702100002502,223,00002502,2,892,446,46,32917,0,0,0,0,0,0,0,0,0,0,0,2,5,0,0,13,20,1361.24,0,0
237,0.73629,3702100002516,237,00002516,2,1134,465,47,44940,0,0,0,0,0,0,0,0,0,0,0,49,0,0,447,61,557,1355.1,0,0
235,0.430891,3702100002514,235,00002514,2,125,66,52,30099,0,0,0,0,0,0,0,0,0,0,0,232,40,181,12,184,649,1593.78,0,0
222,0.34905,3702100002501,222,00002501,2,810,365,389,34548,0,0,0,0,0,49,0,7,39,0,0,22,19,50,37,90,218,1643.05,0,0
232,0.225272,3702100002511,232,00002511,2,79,29,265,60313,0,0,0,0,0,0,0,0,0,0,0,4,18,87,0,4,113,608.509,0,0
225,0.357814,3702100002504,225,00002504,2,221,99,422,60313,0,0,0,0,0,0,0,0,0,0,0,16,122,149,60,106,453,1487.58,0,0
429,4.42926,3708900003060,429,00003060,3,478,166,2,41071.1,0,0,0,0,0,0,0,0,0,4,0,14,2,0,0,3,19,41.581,0,0
427,2.37659,3708900003058,427,00003058,3,127,49,2,40531,0,0,0,0,0,0,0,0,0,0,0,1,0,0,0,4,5,22.6301,0,0
230,1.68341,3702100002509,230,00002509,3,806,231,158,44644.6,0,0,0,0,0,0,0,6,0,0,0,0,4,0,0,202,206,254.264,0,0
12,62.3513,3711500007002,12,00007002,3,845,401,65,35807,0,0,0,0,0,0,20,0,0,0,0,62,13,18,29,28,150,8.73228,0,0
216,22.6974,3711500007003,216,00007003,3,672,286,16,28371,0,0,0,0,0,0,0,0,0,0,0,10,0,0,40,5,55,14.9183,0,0
206,32.2983,3711500007004,206,00007004,3,651,301,21,27266,0,0,0,0,0,0,171,0,68,0,0,50,21,47,34,92,244,16.545,0,0
534,31.4921,3711500001007,534,00001007,3,1384,583,37,40726,0,0,0,0,0,0,0,0,0,0,0,14,6,0,44,30,94,21.3675,0,0
506,37.642,3711500007001,506,00007001,3,770,327,33,51667,0,0,0,0,0,0,0,0,0,0,0,6,2,0,71,7,86,10.8723,0,0
167,33.7446,3711500007005,167,00007005,3,692,302,8,25207.4,0,0,0,0,0,0,0,0,0,0,0,16,5,5,21,46,93,11.5856,0,0
116,57.7433,3711500007006,116,00007006,3,842,375,3,22377.8,0,0,0,0,0,0,0,0,0,0,0,11,0,0,6,4,21,6.8421,0,0
104,20.2216,3711500007008,104,00007008,3,529,228,15,43803.3,0,0,0,0,0,0,0,0,0,0,0,3,0,0,0,4,7,11.6062,0,0
109,16.0003,3711500007007,109,00007007,3,612,263,13,48144,0,0,0,0,0,0,0,0,0,0,0,31,4,20,54,193,302,34.49,0,0
539,4.36734,3711500001012,539,00001012,3,204,72,26,58846,0,0,0,0,0,0,0,0,0,0,0,0,0,0,0,2,2,16.924,0,0
540,5.27754,3711500001013,540,00001013,3,1122,376,26,57951.2,0,0,0,0,0,0,0,0,0,0,0,88,0,9,24,378,499,161.68,0,0
531,10.9764,3711500001004,531,00001004,3,1565,637,17,51143,0,0,0,0,0,0,0,0,0,0,0,2,3,0,1,8,14,59.2534,0,0
530,4.79283,3711500001003,530,00001003,3,1072,296,115,33816,0,0,0,0,0,0,0,0,0,0,0,15,18,16,4,129,182,98.0789,0,0
2,4.3208,3702100002002,2,00002002,3,1136,448,173,56402,0,0,0,0,0,0,0,0,0,0,0,38,4,5,2,18,67,118.516,0,0
210,8.8787,3702100002309,210,00002309,3,1862,780,824,31783,0,0,0,0,0,0,0,0,0,0,0,208,15,7,3,107,340,124.477,0,0
68,6.93885,3702100002075,68,00002075,3,2881,1097,273,51901.8,0,0,0,0,0,0,0,0,0,0,0,52,27,0,20,279,378,210.199,0,0
205,4.02938,3702100002304,205,00002304,3,1492,622,1882,47813,0,0,0,0,0,0,0,0,0,0,0,373,813,4,102,83,1375,480.752,0,0
203,1.00914,3702100002302,203,00002302,2,1055,520,298,47128.8,0,0,0,0,0,0,0,0,0,0,0,685,24,10,5,229,953,1418.55,0,0
221,2.92035,3702100002411,221,00002411,2,1407,701,228,36771,0,0,0,0,0,15,0,0,0,0,0,34,30,128,16,77,285,333.382,0,0
536,16.3667,3711500001009,536,00001009,3,1132,502,77,59688,0,0,0,0,0,0,0,0,0,0,0,10,15,0,55,260,340,50.5414,0,0
63,8.49882,3702100002070,63,00002070,3,1730,697,33,36587.5,0,0,0,0,0,0,0,0,0,0,0,24,26,9,6,17,82,91.2397,0,0
62,9.66812,3702100002069,62,00002069,3,2130,800,164,40476,0,0,0,0,0,0,0,0,0,0,0,46,2,4,5,153,210,103.521,0,0
535,5.97991,3711500001008,535,00001008,3,949,435,5,19574,0,0,0,0,0,0,0,0,0,0,0,188,21,41,253,251,754,193.343,0,0
532,6.67033,3711500001005,532,00001005,3,765,285,4,44052,0,0,0,0,0,0,0,0,0,0,0,72,18,11,55,202,358,94.0604,0,0
66,9.2128,3702100002073,66,00002073,3,1420,559,61,49271,0,0,0,0,0,0,0,0,0,0,0,9,5,3,10,13,40,64.8292,0,0
533,4.81232,3711500001006,533,00001006,3,679,266,7,40726,0,0,0,0,0,0,0,0,0,0,0,6,2,0,0,0,8,56.8648,0,0
61,5.21985,3702100002068,61,00002068,3,1039,438,89,40476,0,0,0,0,0,0,0,0,0,0,0,36,0,0,0,6,42,91.6064,0,0
67,9.24673,3702100002074,67,00002074,3,2946,1116,165,37449.9,0,0,0,0,0,0,0,0,0,0,0,19,4,9,47,28,107,131.759,0,0
204,0.700707,3702100002303,204,00002303,2,533,244,171,59182.7,0,0,0,0,0,0,0,0,0,0,0,3,10,0,0,39,52,419.2,0,0
219,1.10313,3702100002409,219,00002409,3,937,354,236,68036,0,0,0,0,0,0,155,0,0,0,0,62,0,0,0,10,72,383.334,0,0
537,15.3502,3711500001010,537,00001010,3,1044,438,16,44052,0,0,0,0,0,0,0,0,0,0,0,210,34,70,191,77,582,64.798,0,0
538,15.1711,3711500001011,538,00001011,3,1145,471,122,41306.7,0,0,0,0,0,0,0,0,0,0,0,9,0,0,0,1,10,31.6763,0,0
528,26.7499,3711500001001,528,00001001,3,1490,610,43,36118,0,0,0,0,0,0,0,0,0,0,0,37,22,0,2,53,114,26.88,0,0
4,13.1278,3702100002004,4,00002004,3,705,271,98,36989.2,0,0,0,0,0,0,0,0,0,0,0,11,0,7,1,67,86,26.9089,0,0
5,36.2006,3702100002005,5,00002005,3,1107,482,245,32000,0,0,0,0,0,0,0,0,0,0,0,85,0,2,14,29,130,16.7494,0,0
3,9.81244,3702100002003,3,00002003,3,1739,724,202,40163,0,0,0,0,0,0,0,0,0,0,0,28,18,23,25,74,168,90.1596,0,0
209,18.8498,3702100002308,209,00002308,3,1330,585,183,86320.2,0,0,0,0,0,13,0,0,0,7,0,17,37,4,42,28,128,37.5296,0,0
1,12.0296,3702100002001,1,00002001,3,2086,814,144,49842,0,0,0,0,0,0,0,0,0,0,0,122,28,34,52,280,516,108.693,0,0
208,3.80159,3702100002307,208,00002307,3,2037,842,381,71845,0,0,0,0,0,0,0,0,0,0,0,28,45,32,26,174,305,298.223,0,0
207,1.71186,3702100002306,207,00002306,3,248,163,174,71845,0,0,0,0,0,0,0,0,0,0,0,2,0,0,0,3,5,98.0116,0,0
202,1.37922,3702100002301,202,00002301,2,1933,829,812,47112,0,0,0,0,0,0,0,15,0,0,0,93,160,568,183,394,1398,1570.55,0,0
541,17.041,3711500001014,541,00001014,3,1391,563,41,33685.6,0,0,0,0,0,0,0,0,0,0,0,50,15,1,25,18,109,39.1558,0,0
529,3.58279,3711500001002,529,00001002,3,1209,476,32,30809,0,0,0,0,0,56,0,0,0,0,0,66,132,127,50,239,614,296.771,0,0
